[{"model": "admin.logentry", "pk": 1, "fields": {"action_time": "2023-02-23T20:12:02.757Z", "user": 4, "content_type": 8, "object_id": "1", "object_repr": "Pop", "action_flag": 1, "change_message": "[{\"added\": {}}]"}}, {"model": "admin.logentry", "pk": 2, "fields": {"action_time": "2023-02-23T20:12:26.221Z", "user": 4, "content_type": 8, "object_id": "2", "object_repr": "Hip hop", "action_flag": 1, "change_message": "[{\"added\": {}}]"}}, {"model": "admin.logentry", "pk": 3, "fields": {"action_time": "2023-02-23T20:13:15.571Z", "user": 4, "content_type": 8, "object_id": "3", "object_repr": "Rock", "action_flag": 1, "change_message": "[{\"added\": {}}]"}}, {"model": "admin.logentry", "pk": 4, "fields": {"action_time": "2023-02-23T20:13:43.826Z", "user": 4, "content_type": 8, "object_id": "4", "object_repr": "Rhythm and blues", "action_flag": 1, "change_message": "[{\"added\": {}}]"}}, {"model": "admin.logentry", "pk": 5, "fields": {"action_time": "2023-02-23T20:14:00.332Z", "user": 4, "content_type": 8, "object_id": "5", "object_repr": "Soul", "action_flag": 1, "change_message": "[{\"added\": {}}]"}}, {"model": "admin.logentry", "pk": 6, "fields": {"action_time": "2023-02-23T20:14:18.869Z", "user": 4, "content_type": 8, "object_id": "6", "object_repr": "Reggae", "action_flag": 1, "change_message": "[{\"added\": {}}]"}}, {"model": "admin.logentry", "pk": 7, "fields": {"action_time": "2023-02-23T20:14:41.540Z", "user": 4, "content_type": 8, "object_id": "7", "object_repr": "Country", "action_flag": 1, "change_message": "[{\"added\": {}}]"}}, {"model": "admin.logentry", "pk": 8, "fields": {"action_time": "2023-02-23T20:14:59.488Z", "user": 4, "content_type": 8, "object_id": "8", "object_repr": "Funk", "action_flag": 1, "change_message": "[{\"added\": {}}]"}}, {"model": "admin.logentry", "pk": 9, "fields": {"action_time": "2023-02-23T20:15:16.605Z", "user": 4, "content_type": 8, "object_id": "9", "object_repr": "Folk", "action_flag": 1, "change_message": "[{\"added\": {}}]"}}, {"model": "admin.logentry", "pk": 10, "fields": {"action_time": "2023-02-23T20:15:34.773Z", "user": 4, "content_type": 8, "object_id": "10", "object_repr": "Jazz", "action_flag": 1, "change_message": "[{\"added\": {}}]"}}, {"model": "admin.logentry", "pk": 11, "fields": {"action_time": "2023-02-23T20:15:59.218Z", "user": 4, "content_type": 8, "object_id": "11", "object_repr": "Blues", "action_flag": 1, "change_message": "[{\"added\": {}}]"}}, {"model": "admin.logentry", "pk": 12, "fields": {"action_time": "2023-02-23T20:23:56.209Z", "user": 4, "content_type": 10, "object_id": "1", "object_repr": "Number 1", "action_flag": 1, "change_message": "[{\"added\": {}}]"}}, {"model": "admin.logentry", "pk": 13, "fields": {"action_time": "2023-02-24T14:20:37.056Z", "user": 4, "content_type": 10, "object_id": "2", "object_repr": "Number2", "action_flag": 1, "change_message": "[{\"added\": {}}]"}}, {"model": "admin.logentry", "pk": 14, "fields": {"action_time": "2023-02-24T14:24:06.670Z", "user": 4, "content_type": 10, "object_id": "3", "object_repr": "Number3", "action_flag": 1, "change_message": "[{\"added\": {}}]"}}, {"model": "admin.logentry", "pk": 15, "fields": {"action_time": "2023-03-01T10:44:11.649Z", "user": 4, "content_type": 6, "object_id": "4", "object_repr": "admin19@admin.com", "action_flag": 2, "change_message": "[{\"changed\": {\"fields\": [\"Name\", \"Surname\"]}}]"}}, {"model": "admin.logentry", "pk": 16, "fields": {"action_time": "2023-03-07T09:08:42.450Z", "user": 4, "content_type": 8, "object_id": "14", "object_repr": "music genre test", "action_flag": 3, "change_message": ""}}, {"model": "admin.logentry", "pk": 17, "fields": {"action_time": "2023-03-07T09:08:42.452Z", "user": 4, "content_type": 8, "object_id": "13", "object_repr": "music genre test", "action_flag": 3, "change_message": ""}}, {"model": "admin.logentry", "pk": 18, "fields": {"action_time": "2023-03-08T10:17:40.595Z", "user": 4, "content_type": 11, "object_id": "12", "object_repr": "Test", "action_flag": 3, "change_message": ""}}, {"model": "admin.logentry", "pk": 19, "fields": {"action_time": "2023-03-08T10:17:40.598Z", "user": 4, "content_type": 11, "object_id": "18", "object_repr": "artist name", "action_flag": 3, "change_message": ""}}, {"model": "admin.logentry", "pk": 20, "fields": {"action_time": "2023-03-08T10:17:40.600Z", "user": 4, "content_type": 11, "object_id": "17", "object_repr": "artist_name", "action_flag": 3, "change_message": ""}}, {"model": "admin.logentry", "pk": 21, "fields": {"action_time": "2023-03-08T10:17:40.603Z", "user": 4, "content_type": 11, "object_id": "19", "object_repr": "new Artist", "action_flag": 3, "change_message": ""}}, {"model": "admin.logentry", "pk": 22, "fields": {"action_time": "2023-03-08T10:17:40.604Z", "user": 4, "content_type": 11, "object_id": "22", "object_repr": "new Artist 10", "action_flag": 3, "change_message": ""}}, {"model": "admin.logentry", "pk": 23, "fields": {"action_time": "2023-03-08T10:17:40.606Z", "user": 4, "content_type": 11, "object_id": "20", "object_repr": "new Artist 2", "action_flag": 3, "change_message": ""}}, {"model": "admin.logentry", "pk": 24, "fields": {"action_time": "2023-03-08T10:17:40.608Z", "user": 4, "content_type": 11, "object_id": "14", "object_repr": "test_name", "action_flag": 3, "change_message": ""}}, {"model": "admin.logentry", "pk": 25, "fields": {"action_time": "2023-03-08T10:17:40.610Z", "user": 4, "content_type": 11, "object_id": "13", "object_repr": "test_name", "action_flag": 3, "change_message": ""}}, {"model": "admin.logentry", "pk": 26, "fields": {"action_time": "2023-03-08T10:17:40.612Z", "user": 4, "content_type": 11, "object_id": "11", "object_repr": "test_name", "action_flag": 3, "change_message": ""}}, {"model": "admin.logentry", "pk": 27, "fields": {"action_time": "2023-03-08T10:17:40.613Z", "user": 4, "content_type": 11, "object_id": "16", "object_repr": "testname", "action_flag": 3, "change_message": ""}}, {"model": "admin.logentry", "pk": 28, "fields": {"action_time": "2023-03-08T10:17:40.615Z", "user": 4, "content_type": 11, "object_id": "15", "object_repr": "testname", "action_flag": 3, "change_message": ""}}, {"model": "admin.logentry", "pk": 29, "fields": {"action_time": "2023-03-08T10:17:50.356Z", "user": 4, "content_type": 11, "object_id": "1", "object_repr": "Kate", "action_flag": 3, "change_message": ""}}, {"model": "admin.logentry", "pk": 30, "fields": {"action_time": "2023-03-08T10:18:21.091Z", "user": 4, "content_type": 7, "object_id": "13", "object_repr": "album title", "action_flag": 3, "change_message": ""}}, {"model": "admin.logentry", "pk": 31, "fields": {"action_time": "2023-03-08T10:18:21.094Z", "user": 4, "content_type": 7, "object_id": "12", "object_repr": "album_title", "action_flag": 3, "change_message": ""}}, {"model": "admin.logentry", "pk": 32, "fields": {"action_time": "2023-03-08T10:18:21.096Z", "user": 4, "content_type": 7, "object_id": "14", "object_repr": "new Album", "action_flag": 3, "change_message": ""}}, {"model": "admin.logentry", "pk": 33, "fields": {"action_time": "2023-03-08T10:18:21.098Z", "user": 4, "content_type": 7, "object_id": "17", "object_repr": "new Album 15", "action_flag": 3, "change_message": ""}}, {"model": "admin.logentry", "pk": 34, "fields": {"action_time": "2023-03-08T10:18:21.100Z", "user": 4, "content_type": 7, "object_id": "15", "object_repr": "new Album 2", "action_flag": 3, "change_message": ""}}, {"model": "admin.logentry", "pk": 35, "fields": {"action_time": "2023-03-08T10:18:21.101Z", "user": 4, "content_type": 7, "object_id": "11", "object_repr": "test3", "action_flag": 3, "change_message": ""}}, {"model": "admin.logentry", "pk": 36, "fields": {"action_time": "2023-03-08T10:19:30.144Z", "user": 4, "content_type": 9, "object_id": "1", "object_repr": "new (1)", "action_flag": 3, "change_message": ""}}, {"model": "admin.logentry", "pk": 37, "fields": {"action_time": "2023-03-08T10:19:30.146Z", "user": 4, "content_type": 9, "object_id": "8", "object_repr": "test (8)", "action_flag": 3, "change_message": ""}}, {"model": "admin.logentry", "pk": 38, "fields": {"action_time": "2023-03-08T10:19:30.149Z", "user": 4, "content_type": 9, "object_id": "5", "object_repr": "title track new (5)", "action_flag": 3, "change_message": ""}}, {"model": "admin.logentry", "pk": 39, "fields": {"action_time": "2023-03-08T10:19:30.151Z", "user": 4, "content_type": 9, "object_id": "21", "object_repr": "track new (21)", "action_flag": 3, "change_message": ""}}, {"model": "admin.logentry", "pk": 40, "fields": {"action_time": "2023-03-08T10:19:30.153Z", "user": 4, "content_type": 9, "object_id": "20", "object_repr": "track new (20)", "action_flag": 3, "change_message": ""}}, {"model": "admin.logentry", "pk": 41, "fields": {"action_time": "2023-03-08T10:19:30.156Z", "user": 4, "content_type": 9, "object_id": "19", "object_repr": "track new (19)", "action_flag": 3, "change_message": ""}}, {"model": "admin.logentry", "pk": 42, "fields": {"action_time": "2023-03-08T10:19:30.157Z", "user": 4, "content_type": 9, "object_id": "18", "object_repr": "track new (18)", "action_flag": 3, "change_message": ""}}, {"model": "admin.logentry", "pk": 43, "fields": {"action_time": "2023-03-08T10:19:30.159Z", "user": 4, "content_type": 9, "object_id": "17", "object_repr": "track new (17)", "action_flag": 3, "change_message": ""}}, {"model": "admin.logentry", "pk": 44, "fields": {"action_time": "2023-03-08T12:31:31.580Z", "user": 4, "content_type": 12, "object_id": "1", "object_repr": "UserProfile object (1)", "action_flag": 1, "change_message": "[{\"added\": {}}]"}}, {"model": "auth.permission", "pk": 1, "fields": {"name": "Can add log entry", "content_type": 1, "codename": "add_logentry"}}, {"model": "auth.permission", "pk": 2, "fields": {"name": "Can change log entry", "content_type": 1, "codename": "change_logentry"}}, {"model": "auth.permission", "pk": 3, "fields": {"name": "Can delete log entry", "content_type": 1, "codename": "delete_logentry"}}, {"model": "auth.permission", "pk": 4, "fields": {"name": "Can view log entry", "content_type": 1, "codename": "view_logentry"}}, {"model": "auth.permission", "pk": 5, "fields": {"name": "Can add permission", "content_type": 2, "codename": "add_permission"}}, {"model": "auth.permission", "pk": 6, "fields": {"name": "Can change permission", "content_type": 2, "codename": "change_permission"}}, {"model": "auth.permission", "pk": 7, "fields": {"name": "Can delete permission", "content_type": 2, "codename": "delete_permission"}}, {"model": "auth.permission", "pk": 8, "fields": {"name": "Can view permission", "content_type": 2, "codename": "view_permission"}}, {"model": "auth.permission", "pk": 9, "fields": {"name": "Can add group", "content_type": 3, "codename": "add_group"}}, {"model": "auth.permission", "pk": 10, "fields": {"name": "Can change group", "content_type": 3, "codename": "change_group"}}, {"model": "auth.permission", "pk": 11, "fields": {"name": "Can delete group", "content_type": 3, "codename": "delete_group"}}, {"model": "auth.permission", "pk": 12, "fields": {"name": "Can view group", "content_type": 3, "codename": "view_group"}}, {"model": "auth.permission", "pk": 13, "fields": {"name": "Can add content type", "content_type": 4, "codename": "add_contenttype"}}, {"model": "auth.permission", "pk": 14, "fields": {"name": "Can change content type", "content_type": 4, "codename": "change_contenttype"}}, {"model": "auth.permission", "pk": 15, "fields": {"name": "Can delete content type", "content_type": 4, "codename": "delete_contenttype"}}, {"model": "auth.permission", "pk": 16, "fields": {"name": "Can view content type", "content_type": 4, "codename": "view_contenttype"}}, {"model": "auth.permission", "pk": 17, "fields": {"name": "Can add session", "content_type": 5, "codename": "add_session"}}, {"model": "auth.permission", "pk": 18, "fields": {"name": "Can change session", "content_type": 5, "codename": "change_session"}}, {"model": "auth.permission", "pk": 19, "fields": {"name": "Can delete session", "content_type": 5, "codename": "delete_session"}}, {"model": "auth.permission", "pk": 20, "fields": {"name": "Can view session", "content_type": 5, "codename": "view_session"}}, {"model": "auth.permission", "pk": 21, "fields": {"name": "Can add user", "content_type": 6, "codename": "add_customer"}}, {"model": "auth.permission", "pk": 22, "fields": {"name": "Can change user", "content_type": 6, "codename": "change_customer"}}, {"model": "auth.permission", "pk": 23, "fields": {"name": "Can delete user", "content_type": 6, "codename": "delete_customer"}}, {"model": "auth.permission", "pk": 24, "fields": {"name": "Can view user", "content_type": 6, "codename": "view_customer"}}, {"model": "auth.permission", "pk": 25, "fields": {"name": "Can add album", "content_type": 7, "codename": "add_album"}}, {"model": "auth.permission", "pk": 26, "fields": {"name": "Can change album", "content_type": 7, "codename": "change_album"}}, {"model": "auth.permission", "pk": 27, "fields": {"name": "Can delete album", "content_type": 7, "codename": "delete_album"}}, {"model": "auth.permission", "pk": 28, "fields": {"name": "Can view album", "content_type": 7, "codename": "view_album"}}, {"model": "auth.permission", "pk": 29, "fields": {"name": "Can add genre", "content_type": 8, "codename": "add_genre"}}, {"model": "auth.permission", "pk": 30, "fields": {"name": "Can change genre", "content_type": 8, "codename": "change_genre"}}, {"model": "auth.permission", "pk": 31, "fields": {"name": "Can delete genre", "content_type": 8, "codename": "delete_genre"}}, {"model": "auth.permission", "pk": 32, "fields": {"name": "Can view genre", "content_type": 8, "codename": "view_genre"}}, {"model": "auth.permission", "pk": 33, "fields": {"name": "Can add track", "content_type": 9, "codename": "add_track"}}, {"model": "auth.permission", "pk": 34, "fields": {"name": "Can change track", "content_type": 9, "codename": "change_track"}}, {"model": "auth.permission", "pk": 35, "fields": {"name": "Can delete track", "content_type": 9, "codename": "delete_track"}}, {"model": "auth.permission", "pk": 36, "fields": {"name": "Can view track", "content_type": 9, "codename": "view_track"}}, {"model": "auth.permission", "pk": 37, "fields": {"name": "Can add playlist", "content_type": 10, "codename": "add_playlist"}}, {"model": "auth.permission", "pk": 38, "fields": {"name": "Can change playlist", "content_type": 10, "codename": "change_playlist"}}, {"model": "auth.permission", "pk": 39, "fields": {"name": "Can delete playlist", "content_type": 10, "codename": "delete_playlist"}}, {"model": "auth.permission", "pk": 40, "fields": {"name": "Can view playlist", "content_type": 10, "codename": "view_playlist"}}, {"model": "auth.permission", "pk": 41, "fields": {"name": "Can add artist", "content_type": 11, "codename": "add_artist"}}, {"model": "auth.permission", "pk": 42, "fields": {"name": "Can change artist", "content_type": 11, "codename": "change_artist"}}, {"model": "auth.permission", "pk": 43, "fields": {"name": "Can delete artist", "content_type": 11, "codename": "delete_artist"}}, {"model": "auth.permission", "pk": 44, "fields": {"name": "Can view artist", "content_type": 11, "codename": "view_artist"}}, {"model": "auth.permission", "pk": 45, "fields": {"name": "Can add user profile", "content_type": 12, "codename": "add_userprofile"}}, {"model": "auth.permission", "pk": 46, "fields": {"name": "Can change user profile", "content_type": 12, "codename": "change_userprofile"}}, {"model": "auth.permission", "pk": 47, "fields": {"name": "Can delete user profile", "content_type": 12, "codename": "delete_userprofile"}}, {"model": "auth.permission", "pk": 48, "fields": {"name": "Can view user profile", "content_type": 12, "codename": "view_userprofile"}}, {"model": "contenttypes.contenttype", "pk": 1, "fields": {"app_label": "admin", "model": "logentry"}}, {"model": "contenttypes.contenttype", "pk": 2, "fields": {"app_label": "auth", "model": "permission"}}, {"model": "contenttypes.contenttype", "pk": 3, "fields": {"app_label": "auth", "model": "group"}}, {"model": "contenttypes.contenttype", "pk": 4, "fields": {"app_label": "contenttypes", "model": "contenttype"}}, {"model": "contenttypes.contenttype", "pk": 5, "fields": {"app_label": "sessions", "model": "session"}}, {"model": "contenttypes.contenttype", "pk": 6, "fields": {"app_label": "account", "model": "customer"}}, {"model": "contenttypes.contenttype", "pk": 7, "fields": {"app_label": "music", "model": "album"}}, {"model": "contenttypes.contenttype", "pk": 8, "fields": {"app_label": "music", "model": "genre"}}, {"model": "contenttypes.contenttype", "pk": 9, "fields": {"app_label": "music", "model": "track"}}, {"model": "contenttypes.contenttype", "pk": 10, "fields": {"app_label": "music", "model": "playlist"}}, {"model": "contenttypes.contenttype", "pk": 11, "fields": {"app_label": "music", "model": "artist"}}, {"model": "contenttypes.contenttype", "pk": 12, "fields": {"app_label": "account", "model": "userprofile"}}, {"model": "sessions.session", "pk": "50yg1gem9dw1r74s2qh44z0scz7knh69", "fields": {"session_data": ".eJxVjEEOwiAQRe_C2pARBoe6dN8zkKEDUjU0Ke3KeHdD0oVu_3vvv1XgfSthb2kNs6irQnX63SJPz1Q7kAfX-6KnpW7rHHVX9EGbHhdJr9vh_h0UbqXXnMkzCEk2xjuiKCajEUpElpDPFhEcQopmIOM8iHUWBgfkL5GB1OcL2X82uQ:1pZbgF:txwJr_9TTdweHxnWrsVAMrbl3DdgxYen5x7acb5gIoM", "expire_date": "2023-03-21T18:04:55.259Z"}}, {"model": "sessions.session", "pk": "c2w1j9bo6hwxrnakfvzoe8l8cfvqfttp", "fields": {"session_data": ".eJxVjEEOwiAQRe_C2pARBoe6dN8zkKEDUjU0Ke3KeHdD0oVu_3vvv1XgfSthb2kNs6irQnX63SJPz1Q7kAfX-6KnpW7rHHVX9EGbHhdJr9vh_h0UbqXXnMkzCEk2xjuiKCajEUpElpDPFhEcQopmIOM8iHUWBgfkL5GB1OcL2X82uQ:1pZTJ5:d-o5Moj2sGP9Tm34Mz0COVBdBChvNdQb1JTG8C-zm9M", "expire_date": "2023-03-21T09:08:27.224Z"}}, {"model": "sessions.session", "pk": "c42nmodwhkrr69aqmlif0qot12pbe5vz", "fields": {"session_data": ".eJxVjEEOwiAQRe_C2pARBoe6dN8zkKEDUjU0Ke3KeHdD0oVu_3vvv1XgfSthb2kNs6irQnX63SJPz1Q7kAfX-6KnpW7rHHVX9EGbHhdJr9vh_h0UbqXXnMkzCEk2xjuiKCajEUpElpDPFhEcQopmIOM8iHUWBgfkL5GB1OcL2X82uQ:1pVGe8:YwhvYSY5MW1NsC16g3oL9KQYasYNBpEFXL8-5YiM9sA", "expire_date": "2023-03-09T18:48:48.588Z"}}, {"model": "sessions.session", "pk": "ln09vs22x2sz8y1915eyy4bbeyccprkz", "fields": {"session_data": ".eJxVjEEOwiAQRe_C2pARBoe6dN8zkKEDUjU0Ke3KeHdD0oVu_3vvv1XgfSthb2kNs6irQnX63SJPz1Q7kAfX-6KnpW7rHHVX9EGbHhdJr9vh_h0UbqXXnMkzCEk2xjuiKCajEUpElpDPFhEcQopmIOM8iHUWBgfkL5GB1OcL2X82uQ:1pYtUF:bLB5Zf9K2qOdLEFSi-iNqIW6vqz-WzAB9jW3KE4AHqQ", "expire_date": "2023-03-19T18:53:35.402Z"}}, {"model": "sessions.session", "pk": "wbin43zv07b1i1jjj5acqn4jp2nhhfli", "fields": {"session_data": ".eJxVjDsOwjAQBe_iGln-JfZS0nMGa71r4wBypDipEHeHSCmgfTPzXiLitta49bzEicVZaHH63RLSI7cd8B3bbZY0t3WZktwVedAurzPn5-Vw_w4q9vqtkZxVOAJoLGyNKaQ9sA7grBuU80F5MyQVRjKsoSTW5Nh4ZRHBqoLi_QHF7Tcx:1pSk71:waCEnuzRHiOmyDV3cAyXlDrmfu10FY3RBDZaN4aKD8Y", "expire_date": "2023-03-02T19:40:11.301Z"}}, {"model": "account.customer", "pk": 1, "fields": {"password": "pbkdf2_sha256$390000$1ZiNLcZBD2o93EJVSd1FP7$Ouk8Avvh6zQTVvrNdE/LdHRC4sg0DHxy/pLL9xgRbuM=", "last_login": "2023-02-16T19:40:11.298Z", "is_superuser": true, "first_name": "", "last_name": "", "email": "admin@admin.com", "phone_number": null, "is_staff": true, "is_active": true, "date_joined": "2023-02-16T19:33:26.241Z", "birth_date": null, "avatar": "", "city": "", "groups": [], "user_permissions": []}}, {"model": "account.customer", "pk": 2, "fields": {"password": "12345", "last_login": null, "is_superuser": false, "first_name": "test", "last_name": "test", "email": "test@test.com", "phone_number": null, "is_staff": false, "is_active": true, "date_joined": "2023-02-23T13:31:35.499Z", "birth_date": null, "avatar": "", "city": "", "groups": [], "user_permissions": []}}, {"model": "account.customer", "pk": 3, "fields": {"password": "12345", "last_login": null, "is_superuser": false, "first_name": "test", "last_name": "test", "email": "tast@test.com", "phone_number": null, "is_staff": false, "is_active": true, "date_joined": "2023-02-23T13:44:09.318Z", "birth_date": null, "avatar": "", "city": "", "groups": [], "user_permissions": []}}, {"model": "account.customer", "pk": 4, "fields": {"password": "pbkdf2_sha256$390000$9GX9kNKOIt3mAWyAclTz3M$5GmPXfdEYUgbBJ7J+g1WAYw1Rc92K6LevFoiUL3pXVc=", "last_login": "2023-03-07T18:04:55.256Z", "is_superuser": true, "first_name": "Admin", "last_name": "Admin", "email": "admin19@admin.com", "phone_number": null, "is_staff": true, "is_active": true, "date_joined": "2023-02-23T18:48:03Z", "birth_date": null, "avatar": "", "city": "", "groups": [], "user_permissions": []}}, {"model": "account.customer", "pk": 5, "fields": {"password": "pbkdf2_sha256$390000$OX2XOpJtIoOn685EERcWjf$Dgg5ITuV8Ee7ZLJwLSIYmUwGiiz3NwQgGLknUzWKU80=", "last_login": "2023-03-06T21:04:51.076Z", "is_superuser": false, "first_name": "test", "last_name": "test1", "email": "test_music@test.com", "phone_number": null, "is_staff": false, "is_active": true, "date_joined": "2023-03-06T21:04:20.377Z", "birth_date": null, "avatar": "", "city": "", "groups": [], "user_permissions": []}}, {"model": "account.customer", "pk": 6, "fields": {"password": "pbkdf2_sha256$390000$vx08TVkPOjz6AAAFuGNhd0$J0qFqm3Qc0tgrMF6jhvRBKsJ+G5UDL7xzHGtxO6+RN0=", "last_login": null, "is_superuser": false, "first_name": "test2", "last_name": "test22", "email": "test_music1@test.com", "phone_number": null, "is_staff": false, "is_active": false, "date_joined": "2023-03-06T22:10:07.581Z", "birth_date": null, "avatar": "", "city": "", "groups": [], "user_permissions": []}}, {"model": "account.customer", "pk": 7, "fields": {"password": "pbkdf2_sha256$390000$s53oksxrxAcxHE4S4Lf8ta$TE/1rqAXluraDr0HgNtRH04lJiBQH7V4cSai8aaX5os=", "last_login": "2023-03-06T22:16:39.920Z", "is_superuser": false, "first_name": "test3", "last_name": "test33", "email": "test_music3@test.com", "phone_number": null, "is_staff": false, "is_active": true, "date_joined": "2023-03-06T22:16:23.714Z", "birth_date": null, "avatar": "", "city": "", "groups": [], "user_permissions": []}}, {"model": "account.userprofile", "pk": 1, "fields": {"user": 4, "gender": "Female", "user_type": "User", "bio": "", "photo": "", "favourite_genres": "Rock", "website": null, "city": "Odessa", "postcode": "65016"}}, {"model": "music.track", "pk": 2, "fields": {"create_datetime": "2023-02-23T20:21:44.699Z", "last_update": "2023-02-23T20:21:44.699Z", "title": "Hour trip arrive member.", "length": 249, "artist": 5, "create_date": "2010-07-30", "track_file": "", "album": 10}}, {"model": "music.track", "pk": 4, "fields": {"create_datetime": "2023-02-23T20:21:44.706Z", "last_update": "2023-02-23T20:21:44.706Z", "title": "Require audience ten institution food any.", "length": 178, "artist": 2, "create_date": "2005-10-22", "track_file": "", "album": 7}}, {"model": "music.track", "pk": 6, "fields": {"create_datetime": "2023-02-23T20:21:44.713Z", "last_update": "2023-02-23T20:21:44.713Z", "title": "Us most building even.", "length": 77, "artist": 9, "create_date": "1980-01-07", "track_file": "", "album": 4}}, {"model": "music.track", "pk": 10, "fields": {"create_datetime": "2023-02-23T20:21:44.725Z", "last_update": "2023-02-23T20:21:44.725Z", "title": "Plan according program television fine car ok.", "length": 306, "artist": 4, "create_date": "2003-12-13", "track_file": "", "album": 8}}, {"model": "music.track", "pk": 22, "fields": {"create_datetime": "2023-03-08T10:19:11.051Z", "last_update": "2023-03-08T10:19:11.051Z", "title": "Theory pressure thought condition place into former consumer.", "length": 207, "artist": 41, "create_date": "1998-11-09", "track_file": "", "album": 6}}, {"model": "music.track", "pk": 23, "fields": {"create_datetime": "2023-03-08T10:19:11.059Z", "last_update": "2023-03-08T10:19:11.059Z", "title": "Yet weight successful possible each.", "length": 313, "artist": 28, "create_date": "1971-05-03", "track_file": "", "album": 20}}, {"model": "music.track", "pk": 24, "fields": {"create_datetime": "2023-03-08T10:19:11.066Z", "last_update": "2023-03-08T10:19:11.066Z", "title": "Enjoy join put into.", "length": 485, "artist": 32, "create_date": "1981-10-24", "track_file": "", "album": 30}}, {"model": "music.track", "pk": 25, "fields": {"create_datetime": "2023-03-08T10:19:11.070Z", "last_update": "2023-03-08T10:19:11.071Z", "title": "President easy debate mean piece single.", "length": 493, "artist": 4, "create_date": "2004-12-31", "track_file": "", "album": 29}}, {"model": "music.track", "pk": 26, "fields": {"create_datetime": "2023-03-08T10:19:11.075Z", "last_update": "2023-03-08T10:19:11.075Z", "title": "Structure after evidence billion defense parent require.", "length": 230, "artist": 43, "create_date": "1983-01-20", "track_file": "", "album": 27}}, {"model": "music.track", "pk": 27, "fields": {"create_datetime": "2023-03-08T10:19:11.078Z", "last_update": "2023-03-08T10:19:11.079Z", "title": "Form various stop.", "length": 448, "artist": 3, "create_date": "2018-07-11", "track_file": "", "album": 3}}, {"model": "music.track", "pk": 28, "fields": {"create_datetime": "2023-03-08T10:19:11.083Z", "last_update": "2023-03-08T10:19:11.083Z", "title": "Wrong single lot radio here.", "length": 261, "artist": 9, "create_date": "2006-11-02", "track_file": "", "album": 24}}, {"model": "music.track", "pk": 29, "fields": {"create_datetime": "2023-03-08T10:19:11.088Z", "last_update": "2023-03-08T10:19:11.088Z", "title": "New listen officer fast.", "length": 194, "artist": 41, "create_date": "2003-06-19", "track_file": "", "album": 18}}, {"model": "music.track", "pk": 30, "fields": {"create_datetime": "2023-03-08T10:19:11.091Z", "last_update": "2023-03-08T10:19:11.091Z", "title": "Other week our.", "length": 89, "artist": 44, "create_date": "1984-08-12", "track_file": "", "album": 1}}, {"model": "music.track", "pk": 31, "fields": {"create_datetime": "2023-03-08T10:19:11.095Z", "last_update": "2023-03-08T10:19:11.095Z", "title": "Star but north several situation.", "length": 175, "artist": 30, "create_date": "1982-01-11", "track_file": "", "album": 5}}, {"model": "music.track", "pk": 32, "fields": {"create_datetime": "2023-03-08T10:19:11.100Z", "last_update": "2023-03-08T10:19:11.100Z", "title": "Know small policy month production.", "length": 141, "artist": 10, "create_date": "2021-01-11", "track_file": "", "album": 10}}, {"model": "music.track", "pk": 33, "fields": {"create_datetime": "2023-03-08T10:19:11.104Z", "last_update": "2023-03-08T10:19:11.104Z", "title": "Identify stop seem size.", "length": 460, "artist": 35, "create_date": "2014-08-31", "track_file": "", "album": 30}}, {"model": "music.track", "pk": 34, "fields": {"create_datetime": "2023-03-08T10:19:11.107Z", "last_update": "2023-03-08T10:19:11.107Z", "title": "Read issue consumer center whether activity start face.", "length": 435, "artist": 25, "create_date": "2006-07-22", "track_file": "", "album": 7}}, {"model": "music.track", "pk": 35, "fields": {"create_datetime": "2023-03-08T10:19:11.111Z", "last_update": "2023-03-08T10:19:11.111Z", "title": "Attorney whose inside give sense around shoulder through.", "length": 474, "artist": 2, "create_date": "1980-10-22", "track_file": "", "album": 32}}, {"model": "music.track", "pk": 36, "fields": {"create_datetime": "2023-03-08T10:19:11.115Z", "last_update": "2023-03-08T10:19:11.115Z", "title": "Specific believe direction region successful former establish.", "length": 430, "artist": 29, "create_date": "1984-04-18", "track_file": "", "album": 6}}, {"model": "music.track", "pk": 37, "fields": {"create_datetime": "2023-03-08T10:19:11.118Z", "last_update": "2023-03-08T10:19:11.118Z", "title": "Collection staff fast red.", "length": 409, "artist": 3, "create_date": "2000-09-18", "track_file": "", "album": 32}}, {"model": "music.track", "pk": 38, "fields": {"create_datetime": "2023-03-08T10:19:11.122Z", "last_update": "2023-03-08T10:19:11.122Z", "title": "Speech feeling mention box newspaper.", "length": 227, "artist": 40, "create_date": "2021-06-01", "track_file": "", "album": 26}}, {"model": "music.track", "pk": 39, "fields": {"create_datetime": "2023-03-08T10:19:11.125Z", "last_update": "2023-03-08T10:19:11.125Z", "title": "She reality main hotel week skin nearly.", "length": 93, "artist": 45, "create_date": "2000-08-16", "track_file": "", "album": 23}}, {"model": "music.track", "pk": 40, "fields": {"create_datetime": "2023-03-08T10:19:11.129Z", "last_update": "2023-03-08T10:19:11.129Z", "title": "Respond feel wait house able feel.", "length": 409, "artist": 8, "create_date": "2016-03-26", "track_file": "", "album": 32}}, {"model": "music.track", "pk": 41, "fields": {"create_datetime": "2023-03-08T10:19:11.133Z", "last_update": "2023-03-08T10:19:11.133Z", "title": "Bag could drive continue chance memory new.", "length": 351, "artist": 27, "create_date": "1978-04-09", "track_file": "", "album": 30}}, {"model": "music.track", "pk": 42, "fields": {"create_datetime": "2023-03-08T10:19:11.136Z", "last_update": "2023-03-08T10:19:11.136Z", "title": "Economic manage seek station matter thought understand.", "length": 423, "artist": 47, "create_date": "1984-04-12", "track_file": "", "album": 6}}, {"model": "music.track", "pk": 43, "fields": {"create_datetime": "2023-03-08T10:19:11.140Z", "last_update": "2023-03-08T10:19:11.140Z", "title": "Tv source must how.", "length": 476, "artist": 46, "create_date": "1972-02-09", "track_file": "", "album": 19}}, {"model": "music.track", "pk": 44, "fields": {"create_datetime": "2023-03-08T10:19:11.143Z", "last_update": "2023-03-08T10:19:11.143Z", "title": "Because growth they might unit.", "length": 495, "artist": 31, "create_date": "1978-11-29", "track_file": "", "album": 31}}, {"model": "music.track", "pk": 45, "fields": {"create_datetime": "2023-03-08T10:19:11.147Z", "last_update": "2023-03-08T10:19:11.147Z", "title": "Difficult care pretty.", "length": 474, "artist": 5, "create_date": "1980-02-23", "track_file": "", "album": 31}}, {"model": "music.track", "pk": 46, "fields": {"create_datetime": "2023-03-08T10:19:11.151Z", "last_update": "2023-03-08T10:19:11.151Z", "title": "Big pay box respond radio.", "length": 116, "artist": 27, "create_date": "2006-05-17", "track_file": "", "album": 29}}, {"model": "music.track", "pk": 47, "fields": {"create_datetime": "2023-03-08T10:19:11.154Z", "last_update": "2023-03-08T10:19:11.154Z", "title": "Teacher employee show still indicate today create.", "length": 53, "artist": 7, "create_date": "1996-05-29", "track_file": "", "album": 19}}, {"model": "music.track", "pk": 48, "fields": {"create_datetime": "2023-03-08T10:19:11.159Z", "last_update": "2023-03-08T10:19:11.159Z", "title": "Clear third short country.", "length": 124, "artist": 45, "create_date": "1994-02-08", "track_file": "", "album": 7}}, {"model": "music.track", "pk": 49, "fields": {"create_datetime": "2023-03-08T10:19:11.162Z", "last_update": "2023-03-08T10:19:11.162Z", "title": "Nor special believe together difference personal meet.", "length": 497, "artist": 29, "create_date": "2016-01-12", "track_file": "", "album": 3}}, {"model": "music.track", "pk": 50, "fields": {"create_datetime": "2023-03-08T10:19:11.166Z", "last_update": "2023-03-08T10:19:11.166Z", "title": "War begin lose present.", "length": 487, "artist": 25, "create_date": "2011-11-10", "track_file": "", "album": 32}}, {"model": "music.track", "pk": 51, "fields": {"create_datetime": "2023-03-08T10:19:11.169Z", "last_update": "2023-03-08T10:19:11.169Z", "title": "Chance power land alone as two health heart.", "length": 244, "artist": 46, "create_date": "1994-10-26", "track_file": "", "album": 6}}, {"model": "music.track", "pk": 52, "fields": {"create_datetime": "2023-03-08T10:19:11.173Z", "last_update": "2023-03-08T10:19:11.173Z", "title": "Power before two term industry outside firm as.", "length": 365, "artist": 33, "create_date": "2012-09-05", "track_file": "", "album": 23}}, {"model": "music.track", "pk": 53, "fields": {"create_datetime": "2023-03-08T10:19:11.176Z", "last_update": "2023-03-08T10:19:11.176Z", "title": "Up attorney authority bring.", "length": 72, "artist": 23, "create_date": "2012-05-25", "track_file": "", "album": 7}}, {"model": "music.track", "pk": 54, "fields": {"create_datetime": "2023-03-08T10:19:11.180Z", "last_update": "2023-03-08T10:19:11.180Z", "title": "Big none near actually everybody.", "length": 354, "artist": 7, "create_date": "2019-10-18", "track_file": "", "album": 8}}, {"model": "music.track", "pk": 55, "fields": {"create_datetime": "2023-03-08T10:19:11.183Z", "last_update": "2023-03-08T10:19:11.183Z", "title": "Finish involve perform husband.", "length": 76, "artist": 33, "create_date": "2006-02-16", "track_file": "", "album": 10}}, {"model": "music.track", "pk": 56, "fields": {"create_datetime": "2023-03-08T10:19:11.187Z", "last_update": "2023-03-08T10:19:11.187Z", "title": "The blood play pass go live travel.", "length": 338, "artist": 39, "create_date": "1989-06-12", "track_file": "", "album": 23}}, {"model": "music.track", "pk": 57, "fields": {"create_datetime": "2023-03-08T10:19:11.191Z", "last_update": "2023-03-08T10:19:11.191Z", "title": "Far happen interest whole.", "length": 391, "artist": 7, "create_date": "2012-11-08", "track_file": "", "album": 24}}, {"model": "music.track", "pk": 58, "fields": {"create_datetime": "2023-03-08T10:19:11.194Z", "last_update": "2023-03-08T10:19:11.194Z", "title": "Southern member west job.", "length": 169, "artist": 43, "create_date": "1999-07-23", "track_file": "", "album": 26}}, {"model": "music.track", "pk": 59, "fields": {"create_datetime": "2023-03-08T10:19:11.198Z", "last_update": "2023-03-08T10:19:11.198Z", "title": "Marriage everything far wait opportunity more.", "length": 191, "artist": 42, "create_date": "2002-08-23", "track_file": "", "album": 29}}, {"model": "music.track", "pk": 60, "fields": {"create_datetime": "2023-03-08T10:19:11.202Z", "last_update": "2023-03-08T10:19:11.202Z", "title": "Mean remain television.", "length": 113, "artist": 39, "create_date": "1999-09-18", "track_file": "", "album": 22}}, {"model": "music.track", "pk": 61, "fields": {"create_datetime": "2023-03-08T10:19:11.206Z", "last_update": "2023-03-08T10:19:11.206Z", "title": "Head common half factor half.", "length": 330, "artist": 29, "create_date": "1989-01-07", "track_file": "", "album": 2}}, {"model": "music.track", "pk": 62, "fields": {"create_datetime": "2023-03-08T10:19:39.495Z", "last_update": "2023-03-08T10:19:39.495Z", "title": "American black realize bed benefit.", "length": 171, "artist": 9, "create_date": "1989-03-20", "track_file": "", "album": 29}}, {"model": "music.track", "pk": 63, "fields": {"create_datetime": "2023-03-08T10:19:39.499Z", "last_update": "2023-03-08T10:19:39.499Z", "title": "Meet model reality usually create.", "length": 416, "artist": 36, "create_date": "1975-07-31", "track_file": "", "album": 25}}, {"model": "music.track", "pk": 64, "fields": {"create_datetime": "2023-03-08T10:19:39.503Z", "last_update": "2023-03-08T10:19:39.503Z", "title": "Happy political fill commercial.", "length": 136, "artist": 2, "create_date": "1974-05-12", "track_file": "", "album": 29}}, {"model": "music.track", "pk": 65, "fields": {"create_datetime": "2023-03-08T10:19:39.509Z", "last_update": "2023-03-08T10:19:39.509Z", "title": "Instead moment thousand travel state world physical.", "length": 245, "artist": 38, "create_date": "1992-12-29", "track_file": "", "album": 28}}, {"model": "music.track", "pk": 66, "fields": {"create_datetime": "2023-03-08T10:19:39.513Z", "last_update": "2023-03-08T10:19:39.513Z", "title": "Movement explain game argue fast.", "length": 327, "artist": 24, "create_date": "2009-04-17", "track_file": "", "album": 29}}, {"model": "music.track", "pk": 67, "fields": {"create_datetime": "2023-03-08T10:19:39.516Z", "last_update": "2023-03-08T10:19:39.516Z", "title": "Ball perform everybody close.", "length": 112, "artist": 38, "create_date": "1989-03-13", "track_file": "", "album": 1}}, {"model": "music.track", "pk": 68, "fields": {"create_datetime": "2023-03-08T10:19:39.520Z", "last_update": "2023-03-08T10:19:39.520Z", "title": "Husband election pull anyone while approach.", "length": 358, "artist": 44, "create_date": "1984-12-08", "track_file": "", "album": 6}}, {"model": "music.track", "pk": 69, "fields": {"create_datetime": "2023-03-08T10:19:39.523Z", "last_update": "2023-03-08T10:19:39.523Z", "title": "Approach next live participant represent newspaper party.", "length": 289, "artist": 31, "create_date": "2011-10-24", "track_file": "", "album": 6}}, {"model": "music.track", "pk": 70, "fields": {"create_datetime": "2023-03-08T10:19:39.527Z", "last_update": "2023-03-08T10:19:39.527Z", "title": "Project whom age kid expect tend west.", "length": 299, "artist": 39, "create_date": "2016-01-17", "track_file": "", "album": 3}}, {"model": "music.track", "pk": 71, "fields": {"create_datetime": "2023-03-08T10:19:39.531Z", "last_update": "2023-03-08T10:19:39.531Z", "title": "Field capital question one over.", "length": 303, "artist": 10, "create_date": "2002-07-04", "track_file": "", "album": 21}}, {"model": "music.track", "pk": 72, "fields": {"create_datetime": "2023-03-08T10:19:39.536Z", "last_update": "2023-03-08T10:19:39.536Z", "title": "Man response machine reason write meet.", "length": 53, "artist": 4, "create_date": "2006-01-14", "track_file": "", "album": 20}}, {"model": "music.track", "pk": 73, "fields": {"create_datetime": "2023-03-08T10:19:39.539Z", "last_update": "2023-03-08T10:19:39.539Z", "title": "Skill boy some learn.", "length": 343, "artist": 31, "create_date": "2007-10-07", "track_file": "", "album": 21}}, {"model": "music.track", "pk": 74, "fields": {"create_datetime": "2023-03-08T10:19:39.544Z", "last_update": "2023-03-08T10:19:39.544Z", "title": "Major whole himself alone eight.", "length": 83, "artist": 2, "create_date": "2020-10-23", "track_file": "", "album": 29}}, {"model": "music.track", "pk": 75, "fields": {"create_datetime": "2023-03-08T10:19:39.548Z", "last_update": "2023-03-08T10:19:39.548Z", "title": "Choose tree together.", "length": 217, "artist": 7, "create_date": "1981-02-10", "track_file": "", "album": 30}}, {"model": "music.track", "pk": 76, "fields": {"create_datetime": "2023-03-08T10:19:39.552Z", "last_update": "2023-03-08T10:19:39.552Z", "title": "Opportunity policy everything animal.", "length": 145, "artist": 35, "create_date": "1980-02-25", "track_file": "", "album": 25}}, {"model": "music.track", "pk": 77, "fields": {"create_datetime": "2023-03-08T10:19:39.556Z", "last_update": "2023-03-08T10:19:39.556Z", "title": "Of poor manager eat.", "length": 325, "artist": 39, "create_date": "2012-08-07", "track_file": "", "album": 19}}, {"model": "music.track", "pk": 78, "fields": {"create_datetime": "2023-03-08T10:19:39.559Z", "last_update": "2023-03-08T10:19:39.559Z", "title": "Sell upon up blue because.", "length": 263, "artist": 41, "create_date": "2018-06-08", "track_file": "", "album": 22}}, {"model": "music.track", "pk": 79, "fields": {"create_datetime": "2023-03-08T10:19:39.563Z", "last_update": "2023-03-08T10:19:39.563Z", "title": "Ever build over then scene.", "length": 464, "artist": 40, "create_date": "1993-05-13", "track_file": "", "album": 24}}, {"model": "music.track", "pk": 80, "fields": {"create_datetime": "2023-03-08T10:19:39.567Z", "last_update": "2023-03-08T10:19:39.567Z", "title": "Enter now my sea new election will.", "length": 292, "artist": 46, "create_date": "1996-07-19", "track_file": "", "album": 28}}, {"model": "music.track", "pk": 81, "fields": {"create_datetime": "2023-03-08T10:19:39.571Z", "last_update": "2023-03-08T10:19:39.571Z", "title": "Attorney should wish for.", "length": 241, "artist": 8, "create_date": "2015-08-18", "track_file": "", "album": 23}}, {"model": "music.track", "pk": 82, "fields": {"create_datetime": "2023-03-08T10:19:39.575Z", "last_update": "2023-03-08T10:19:39.575Z", "title": "Natural feel like building nice blue.", "length": 211, "artist": 30, "create_date": "1985-12-22", "track_file": "", "album": 27}}, {"model": "music.track", "pk": 83, "fields": {"create_datetime": "2023-03-08T10:19:39.579Z", "last_update": "2023-03-08T10:19:39.579Z", "title": "Impact everyone thank without.", "length": 67, "artist": 2, "create_date": "2000-02-02", "track_file": "", "album": 28}}, {"model": "music.track", "pk": 84, "fields": {"create_datetime": "2023-03-08T10:19:39.583Z", "last_update": "2023-03-08T10:19:39.583Z", "title": "Section finally exist Mr.", "length": 66, "artist": 42, "create_date": "1995-04-17", "track_file": "", "album": 22}}, {"model": "music.track", "pk": 85, "fields": {"create_datetime": "2023-03-08T10:19:39.586Z", "last_update": "2023-03-08T10:19:39.586Z", "title": "Support teacher arm stand box cost economy.", "length": 98, "artist": 46, "create_date": "2013-05-01", "track_file": "", "album": 27}}, {"model": "music.track", "pk": 86, "fields": {"create_datetime": "2023-03-08T10:19:39.596Z", "last_update": "2023-03-08T10:19:39.596Z", "title": "Even first technology far history compare.", "length": 419, "artist": 32, "create_date": "1979-06-02", "track_file": "", "album": 7}}, {"model": "music.track", "pk": 87, "fields": {"create_datetime": "2023-03-08T10:19:39.600Z", "last_update": "2023-03-08T10:19:39.600Z", "title": "Once know maintain leave.", "length": 427, "artist": 30, "create_date": "1989-08-13", "track_file": "", "album": 22}}, {"model": "music.track", "pk": 88, "fields": {"create_datetime": "2023-03-08T10:19:39.604Z", "last_update": "2023-03-08T10:19:39.604Z", "title": "Management hundred each stand about positive.", "length": 250, "artist": 37, "create_date": "1978-08-28", "track_file": "", "album": 4}}, {"model": "music.track", "pk": 89, "fields": {"create_datetime": "2023-03-08T10:19:39.607Z", "last_update": "2023-03-08T10:19:39.607Z", "title": "Change organization black bill.", "length": 235, "artist": 4, "create_date": "1970-07-30", "track_file": "", "album": 2}}, {"model": "music.track", "pk": 90, "fields": {"create_datetime": "2023-03-08T10:19:39.611Z", "last_update": "2023-03-08T10:19:39.611Z", "title": "View research enter within gun.", "length": 326, "artist": 34, "create_date": "2014-11-05", "track_file": "", "album": 26}}, {"model": "music.track", "pk": 91, "fields": {"create_datetime": "2023-03-08T10:19:39.615Z", "last_update": "2023-03-08T10:19:39.615Z", "title": "Conference prepare forget forward mention.", "length": 319, "artist": 29, "create_date": "2022-11-26", "track_file": "", "album": 26}}, {"model": "music.track", "pk": 92, "fields": {"create_datetime": "2023-03-08T10:19:39.619Z", "last_update": "2023-03-08T10:19:39.619Z", "title": "Item opportunity stay season scene.", "length": 387, "artist": 47, "create_date": "1973-01-02", "track_file": "", "album": 9}}, {"model": "music.track", "pk": 93, "fields": {"create_datetime": "2023-03-08T10:19:39.623Z", "last_update": "2023-03-08T10:19:39.623Z", "title": "Star week young.", "length": 129, "artist": 40, "create_date": "1998-08-17", "track_file": "", "album": 6}}, {"model": "music.track", "pk": 94, "fields": {"create_datetime": "2023-03-08T10:19:39.626Z", "last_update": "2023-03-08T10:19:39.626Z", "title": "Kid whole family card growth value spring.", "length": 240, "artist": 41, "create_date": "1986-01-26", "track_file": "", "album": 28}}, {"model": "music.track", "pk": 95, "fields": {"create_datetime": "2023-03-08T10:19:39.631Z", "last_update": "2023-03-08T10:19:39.631Z", "title": "Relate soldier possible sister matter green.", "length": 322, "artist": 29, "create_date": "2000-04-30", "track_file": "", "album": 31}}, {"model": "music.track", "pk": 96, "fields": {"create_datetime": "2023-03-08T10:19:39.635Z", "last_update": "2023-03-08T10:19:39.635Z", "title": "Health many partner tree tend.", "length": 351, "artist": 10, "create_date": "1997-08-09", "track_file": "", "album": 1}}, {"model": "music.track", "pk": 97, "fields": {"create_datetime": "2023-03-08T10:19:39.639Z", "last_update": "2023-03-08T10:19:39.639Z", "title": "Today reach through.", "length": 420, "artist": 29, "create_date": "2006-05-05", "track_file": "", "album": 8}}, {"model": "music.track", "pk": 98, "fields": {"create_datetime": "2023-03-08T10:19:39.643Z", "last_update": "2023-03-08T10:19:39.643Z", "title": "Produce wall far activity third upon help.", "length": 248, "artist": 46, "create_date": "1972-09-30", "track_file": "", "album": 9}}, {"model": "music.track", "pk": 99, "fields": {"create_datetime": "2023-03-08T10:19:39.648Z", "last_update": "2023-03-08T10:19:39.648Z", "title": "Their include threat discussion see.", "length": 79, "artist": 2, "create_date": "2006-11-22", "track_file": "", "album": 8}}, {"model": "music.track", "pk": 100, "fields": {"create_datetime": "2023-03-08T10:19:39.651Z", "last_update": "2023-03-08T10:19:39.651Z", "title": "Than relate discussion amount measure.", "length": 399, "artist": 2, "create_date": "1994-07-04", "track_file": "", "album": 25}}, {"model": "music.track", "pk": 101, "fields": {"create_datetime": "2023-03-08T10:19:39.655Z", "last_update": "2023-03-08T10:19:39.655Z", "title": "Pull half throughout nice.", "length": 452, "artist": 43, "create_date": "1996-08-12", "track_file": "", "album": 18}}, {"model": "music.playlist", "pk": 1, "fields": {"create_datetime": "2023-02-23T20:23:56.208Z", "last_update": "2023-02-23T20:23:56.208Z", "title": "Number 1", "user": 1, "tracks": []}}, {"model": "music.playlist", "pk": 2, "fields": {"create_datetime": "2023-02-24T14:20:37.054Z", "last_update": "2023-02-24T14:20:37.054Z", "title": "Number2", "user": 2, "tracks": [4]}}, {"model": "music.playlist", "pk": 4, "fields": {"create_datetime": "2023-02-24T14:35:13.840Z", "last_update": "2023-02-24T14:35:13.840Z", "title": "Number4", "user": 2, "tracks": []}}, {"model": "music.playlist", "pk": 5, "fields": {"create_datetime": "2023-02-24T14:37:50.558Z", "last_update": "2023-02-26T21:32:55.974Z", "title": "Number555", "user": 2, "tracks": []}}, {"model": "music.album", "pk": 1, "fields": {"create_datetime": "2023-02-23T20:19:29.799Z", "last_update": "2023-02-23T20:19:29.799Z", "title": "Firm source soon new.", "description": "description", "genre": 10, "image": "default.png"}}, {"model": "music.album", "pk": 2, "fields": {"create_datetime": "2023-02-23T20:19:29.801Z", "last_update": "2023-02-23T20:19:29.801Z", "title": "Its something thus until now special.", "description": "description", "genre": 1, "image": "default.png"}}, {"model": "music.album", "pk": 3, "fields": {"create_datetime": "2023-02-23T20:19:29.804Z", "last_update": "2023-02-23T20:19:29.804Z", "title": "Office camera around follow school.", "description": "description", "genre": 1, "image": "default.png"}}, {"model": "music.album", "pk": 4, "fields": {"create_datetime": "2023-02-23T20:19:29.806Z", "last_update": "2023-02-23T20:19:29.806Z", "title": "Toward left sea finally couple note.", "description": "description", "genre": 7, "image": "default.png"}}, {"model": "music.album", "pk": 5, "fields": {"create_datetime": "2023-02-23T20:19:29.808Z", "last_update": "2023-02-23T20:19:29.808Z", "title": "Bit skin college happen evidence.", "description": "description", "genre": 4, "image": "default.png"}}, {"model": "music.album", "pk": 6, "fields": {"create_datetime": "2023-02-23T20:19:29.813Z", "last_update": "2023-02-23T20:19:29.813Z", "title": "Cup people accept sister.", "description": "description", "genre": 11, "image": "default.png"}}, {"model": "music.album", "pk": 7, "fields": {"create_datetime": "2023-02-23T20:19:29.816Z", "last_update": "2023-02-23T20:19:29.816Z", "title": "Manager impact me college sort anything particular.", "description": "description", "genre": 11, "image": "default.png"}}, {"model": "music.album", "pk": 8, "fields": {"create_datetime": "2023-02-23T20:19:29.818Z", "last_update": "2023-02-23T20:19:29.818Z", "title": "Rich large whether staff.", "description": "description", "genre": 2, "image": "default.png"}}, {"model": "music.album", "pk": 9, "fields": {"create_datetime": "2023-02-23T20:19:29.820Z", "last_update": "2023-02-25T19:13:23.569Z", "title": "Go care half room both easy recognize you.", "description": "description", "genre": 2, "image": "default.png"}}, {"model": "music.album", "pk": 10, "fields": {"create_datetime": "2023-02-23T20:19:29.822Z", "last_update": "2023-02-25T17:00:41.229Z", "title": "Go care half room both easy recognize you.", "description": "description", "genre": 1, "image": "default.png"}}, {"model": "music.album", "pk": 18, "fields": {"create_datetime": "2023-02-25T16:56:59.027Z", "last_update": "2023-02-25T16:56:59.027Z", "title": "Go care half room both easy recognize you.", "description": "description", "genre": null, "image": "default.png"}}, {"model": "music.album", "pk": 19, "fields": {"create_datetime": "2023-02-25T16:57:25.651Z", "last_update": "2023-02-25T16:57:25.651Z", "title": "Go care half room both easy recognize you.", "description": "description", "genre": null, "image": "default.png"}}, {"model": "music.album", "pk": 20, "fields": {"create_datetime": "2023-02-25T16:57:31.349Z", "last_update": "2023-02-25T16:57:31.349Z", "title": "Go care half room both easy recognize you.", "description": "description", "genre": null, "image": "default.png"}}, {"model": "music.album", "pk": 21, "fields": {"create_datetime": "2023-02-25T17:00:12.091Z", "last_update": "2023-02-25T17:00:12.091Z", "title": "Go care half room both easy recognize you.", "description": "description", "genre": null, "image": "default.png"}}, {"model": "music.album", "pk": 22, "fields": {"create_datetime": "2023-02-25T17:07:23.452Z", "last_update": "2023-02-25T17:07:23.452Z", "title": "Go care half room both easy recognize you.", "description": "description", "genre": null, "image": "default.png"}}, {"model": "music.album", "pk": 23, "fields": {"create_datetime": "2023-03-08T10:18:33.052Z", "last_update": "2023-03-08T10:18:33.052Z", "title": "Conference central bill explain stop follow edge happy.", "description": "description", "genre": 2, "image": "default.png"}}, {"model": "music.album", "pk": 24, "fields": {"create_datetime": "2023-03-08T10:18:33.054Z", "last_update": "2023-03-08T10:18:33.054Z", "title": "Result seek party.", "description": "description", "genre": 1, "image": "default.png"}}, {"model": "music.album", "pk": 25, "fields": {"create_datetime": "2023-03-08T10:18:33.056Z", "last_update": "2023-03-08T10:18:33.056Z", "title": "Force watch marriage race risk until city.", "description": "description", "genre": 11, "image": "default.png"}}, {"model": "music.album", "pk": 26, "fields": {"create_datetime": "2023-03-08T10:18:33.058Z", "last_update": "2023-03-08T10:18:33.058Z", "title": "Act information truth include.", "description": "description", "genre": 5, "image": "default.png"}}, {"model": "music.album", "pk": 27, "fields": {"create_datetime": "2023-03-08T10:18:33.061Z", "last_update": "2023-03-08T10:18:33.061Z", "title": "Range admit baby rate trouble.", "description": "description", "genre": 9, "image": "default.png"}}, {"model": "music.album", "pk": 28, "fields": {"create_datetime": "2023-03-08T10:18:33.063Z", "last_update": "2023-03-08T10:18:33.063Z", "title": "Agreement usually special animal.", "description": "description", "genre": 10, "image": "default.png"}}, {"model": "music.album", "pk": 29, "fields": {"create_datetime": "2023-03-08T10:18:33.065Z", "last_update": "2023-03-08T10:18:33.065Z", "title": "Cover finish decade able.", "description": "description", "genre": 8, "image": "default.png"}}, {"model": "music.album", "pk": 30, "fields": {"create_datetime": "2023-03-08T10:18:33.067Z", "last_update": "2023-03-08T10:18:33.067Z", "title": "Account economy exactly father tonight that.", "description": "description", "genre": 4, "image": "default.png"}}, {"model": "music.album", "pk": 31, "fields": {"create_datetime": "2023-03-08T10:18:33.069Z", "last_update": "2023-03-08T10:18:33.069Z", "title": "Behind push moment ask.", "description": "description", "genre": 6, "image": "default.png"}}, {"model": "music.album", "pk": 32, "fields": {"create_datetime": "2023-03-08T10:18:33.071Z", "last_update": "2023-03-08T10:18:33.071Z", "title": "Interesting year increase night dinner truth quickly key.", "description": "description", "genre": 5, "image": "default.png"}}, {"model": "music.artist", "pk": 2, "fields": {"create_datetime": "2023-02-23T20:08:24.182Z", "last_update": "2023-02-25T19:13:23.565Z", "name": "Eddie Martinez", "biography": "biography"}}, {"model": "music.artist", "pk": 3, "fields": {"create_datetime": "2023-02-23T20:08:24.184Z", "last_update": "2023-02-23T20:08:24.184Z", "name": "Natalie Wallace", "biography": "biography"}}, {"model": "music.artist", "pk": 4, "fields": {"create_datetime": "2023-02-23T20:08:24.186Z", "last_update": "2023-02-23T20:08:24.186Z", "name": "Sarah Sanders", "biography": "biography"}}, {"model": "music.artist", "pk": 5, "fields": {"create_datetime": "2023-02-23T20:08:24.188Z", "last_update": "2023-02-25T17:00:41.225Z", "name": "Eddie Martinez", "biography": "biography"}}, {"model": "music.artist", "pk": 6, "fields": {"create_datetime": "2023-02-23T20:08:24.193Z", "last_update": "2023-02-23T20:08:24.193Z", "name": "David Allen", "biography": "biography"}}, {"model": "music.artist", "pk": 7, "fields": {"create_datetime": "2023-02-23T20:08:24.195Z", "last_update": "2023-02-23T20:08:24.195Z", "name": "Mr. Dennis Meyer", "biography": "biography"}}, {"model": "music.artist", "pk": 8, "fields": {"create_datetime": "2023-02-23T20:08:24.197Z", "last_update": "2023-02-23T20:08:24.197Z", "name": "David Nelson", "biography": "biography"}}, {"model": "music.artist", "pk": 9, "fields": {"create_datetime": "2023-02-23T20:08:24.199Z", "last_update": "2023-02-23T20:08:24.199Z", "name": "Helen Browning", "biography": "biography"}}, {"model": "music.artist", "pk": 10, "fields": {"create_datetime": "2023-02-23T20:08:24.201Z", "last_update": "2023-02-25T16:53:32.864Z", "name": "Eddie Martinez", "biography": "biography"}}, {"model": "music.artist", "pk": 23, "fields": {"create_datetime": "2023-02-25T16:56:59.023Z", "last_update": "2023-02-25T16:56:59.023Z", "name": "Eddie Martinez", "biography": "biography"}}, {"model": "music.artist", "pk": 24, "fields": {"create_datetime": "2023-02-25T16:57:25.647Z", "last_update": "2023-02-25T16:57:25.648Z", "name": "Eddie Martinez", "biography": "biography"}}, {"model": "music.artist", "pk": 25, "fields": {"create_datetime": "2023-02-25T16:57:31.347Z", "last_update": "2023-02-25T16:57:31.347Z", "name": "Eddie Martinez", "biography": "biography"}}, {"model": "music.artist", "pk": 26, "fields": {"create_datetime": "2023-02-25T17:00:12.088Z", "last_update": "2023-02-25T17:00:12.088Z", "name": "Eddie Martinez", "biography": "biography"}}, {"model": "music.artist", "pk": 27, "fields": {"create_datetime": "2023-02-25T17:07:23.449Z", "last_update": "2023-02-25T17:07:23.449Z", "name": "Eddie Martinez", "biography": "biography"}}, {"model": "music.artist", "pk": 28, "fields": {"create_datetime": "2023-03-08T10:17:01.668Z", "last_update": "2023-03-08T10:17:01.669Z", "name": "Molly Reyes", "biography": "biography"}}, {"model": "music.artist", "pk": 29, "fields": {"create_datetime": "2023-03-08T10:17:01.672Z", "last_update": "2023-03-08T10:17:01.672Z", "name": "Samuel Munoz", "biography": "biography"}}, {"model": "music.artist", "pk": 30, "fields": {"create_datetime": "2023-03-08T10:17:01.674Z", "last_update": "2023-03-08T10:17:01.674Z", "name": "Andrew Hale", "biography": "biography"}}, {"model": "music.artist", "pk": 31, "fields": {"create_datetime": "2023-03-08T10:17:01.676Z", "last_update": "2023-03-08T10:17:01.676Z", "name": "Leah Johnson", "biography": "biography"}}, {"model": "music.artist", "pk": 32, "fields": {"create_datetime": "2023-03-08T10:17:01.678Z", "last_update": "2023-03-08T10:17:01.678Z", "name": "Amanda Brooks", "biography": "biography"}}, {"model": "music.artist", "pk": 33, "fields": {"create_datetime": "2023-03-08T10:17:01.680Z", "last_update": "2023-03-08T10:17:01.680Z", "name": "Anne White", "biography": "biography"}}, {"model": "music.artist", "pk": 34, "fields": {"create_datetime": "2023-03-08T10:17:01.681Z", "last_update": "2023-03-08T10:17:01.682Z", "name": "Clayton Holland", "biography": "biography"}}, {"model": "music.artist", "pk": 35, "fields": {"create_datetime": "2023-03-08T10:17:01.683Z", "last_update": "2023-03-08T10:17:01.683Z", "name": "Kyle Thompson", "biography": "biography"}}, {"model": "music.artist", "pk": 36, "fields": {"create_datetime": "2023-03-08T10:17:01.685Z", "last_update": "2023-03-08T10:17:01.685Z", "name": "Brandon Collins", "biography": "biography"}}, {"model": "music.artist", "pk": 37, "fields": {"create_datetime": "2023-03-08T10:17:01.686Z", "last_update": "2023-03-08T10:17:01.686Z", "name": "Crystal Reed", "biography": "biography"}}, {"model": "music.artist", "pk": 38, "fields": {"create_datetime": "2023-03-08T10:17:58.333Z", "last_update": "2023-03-08T10:17:58.333Z", "name": "Daniel Porter", "biography": "biography"}}, {"model": "music.artist", "pk": 39, "fields": {"create_datetime": "2023-03-08T10:17:58.336Z", "last_update": "2023-03-08T10:17:58.336Z", "name": "Joseph Garner", "biography": "biography"}}, {"model": "music.artist", "pk": 40, "fields": {"create_datetime": "2023-03-08T10:17:58.337Z", "last_update": "2023-03-08T10:17:58.338Z", "name": "Maria Rivera", "biography": "biography"}}, {"model": "music.artist", "pk": 41, "fields": {"create_datetime": "2023-03-08T10:17:58.340Z", "last_update": "2023-03-08T10:17:58.340Z", "name": "Sherri Peters", "biography": "biography"}}, {"model": "music.artist", "pk": 42, "fields": {"create_datetime": "2023-03-08T10:17:58.341Z", "last_update": "2023-03-08T10:17:58.342Z", "name": "Dustin Snyder", "biography": "biography"}}, {"model": "music.artist", "pk": 43, "fields": {"create_datetime": "2023-03-08T10:17:58.344Z", "last_update": "2023-03-08T10:17:58.344Z", "name": "Robert Lopez", "biography": "biography"}}, {"model": "music.artist", "pk": 44, "fields": {"create_datetime": "2023-03-08T10:17:58.348Z", "last_update": "2023-03-08T10:17:58.348Z", "name": "Diana Rose", "biography": "biography"}}, {"model": "music.artist", "pk": 45, "fields": {"create_datetime": "2023-03-08T10:17:58.350Z", "last_update": "2023-03-08T10:17:58.350Z", "name": "Nicholas Brooks", "biography": "biography"}}, {"model": "music.artist", "pk": 46, "fields": {"create_datetime": "2023-03-08T10:17:58.351Z", "last_update": "2023-03-08T10:17:58.351Z", "name": "Taylor Smith", "biography": "biography"}}, {"model": "music.artist", "pk": 47, "fields": {"create_datetime": "2023-03-08T10:17:58.353Z", "last_update": "2023-03-08T10:17:58.353Z", "name": "Christopher Faulkner", "biography": "biography"}}, {"model": "music.genre", "pk": 1, "fields": {"create_datetime": "2023-02-23T20:12:02.756Z", "last_update": "2023-02-24T13:30:41.657Z", "name": "Pop music", "description": "A genre of popular music that originated in the West during the 1950s and 1960s. Pop music is eclectic, often borrowing elements from urban, dance, rock, Latin, country, and other styles. Songs are typically short to medium-length with repeated choruses, melodic tunes, and hooks."}}, {"model": "music.genre", "pk": 2, "fields": {"create_datetime": "2023-02-23T20:12:26.221Z", "last_update": "2023-02-23T20:12:26.221Z", "name": "Hip hop", "description": "Hip hop or rap music formed in the United States in the 1970s and consists of stylized rhythmic music that commonly accompanies rhythmic and rhyming speech (\"rapping\")."}}, {"model": "music.genre", "pk": 3, "fields": {"create_datetime": "2023-02-23T20:13:15.570Z", "last_update": "2023-02-23T20:13:15.570Z", "name": "Rock", "description": "A genre of popular music that originated as \"rock and roll\" in the United States in the 1950s, and developed into a range of different styles in the 1960s and later. Compared to pop music, rock places a higher degree of emphasis on musicianship, live performance, and an ideology of authenticity."}}, {"model": "music.genre", "pk": 4, "fields": {"create_datetime": "2023-02-23T20:13:43.826Z", "last_update": "2023-02-23T20:13:43.826Z", "name": "Rhythm and blues", "description": "A genre of popular African-American music that originated in the 1940s as urbane, rocking, jazz based music with a heavy, insistent beat. Lyrics focus heavily on the themes of triumphs and failures in terms of relationships, freedom, economics, aspirations, and sex."}}, {"model": "music.genre", "pk": 5, "fields": {"create_datetime": "2023-02-23T20:14:00.331Z", "last_update": "2023-02-23T20:14:00.331Z", "name": "Soul", "description": "A popular music genre that combines elements of African-American gospel music, rhythm and blues and jazz."}}, {"model": "music.genre", "pk": 6, "fields": {"create_datetime": "2023-02-23T20:14:18.869Z", "last_update": "2023-02-23T20:14:18.869Z", "name": "Reggae", "description": "A music genre that originated in Jamaica in the late 1960s, strongly influenced by traditional mento as well as American jazz and rhythm and blues, instantly recognizable from the counterpoint between the bass and drum downbeat, and the offbeat rhythm section."}}, {"model": "music.genre", "pk": 7, "fields": {"create_datetime": "2023-02-23T20:14:41.540Z", "last_update": "2023-02-23T20:14:41.540Z", "name": "Country", "description": "A genre of United States popular music with origins in folk, Blues and Western music, often consisting of ballads and dance tunes with generally simple forms and harmonies accompanied by mostly string instruments such as banjos, electric and acoustic guitars, dobros, and fiddles as well as harmonicas."}}, {"model": "music.genre", "pk": 8, "fields": {"create_datetime": "2023-02-23T20:14:59.488Z", "last_update": "2023-02-23T20:14:59.488Z", "name": "Funk", "description": "A music genre that originated in the 1960s when African American musicians created a rhythmic, danceable new form of music that de-emphasized melody and chord progressions to bring a strong rhythmic groove of a bass line and drum part to the foreground."}}, {"model": "music.genre", "pk": 9, "fields": {"create_datetime": "2023-02-23T20:15:16.605Z", "last_update": "2023-02-23T20:15:16.605Z", "name": "Folk", "description": "A genre that evolved from traditional music during the 20th century folk revival. One meaning often given is that of old songs with no known composers; another is music that has been transmitted and evolved by a process of oral transmission or performed by custom over a long period of time."}}, {"model": "music.genre", "pk": 10, "fields": {"create_datetime": "2023-02-23T20:15:34.772Z", "last_update": "2023-02-23T20:15:34.772Z", "name": "Jazz", "description": "A music genre that originated from African American communities of New Orleans during the late 19th and early 20th centuries in the form of independent traditional and popular musical styles, all linked by the common bonds of African American and European American musical parentage with a performance orientation."}}, {"model": "music.genre", "pk": 11, "fields": {"create_datetime": "2023-02-23T20:15:59.217Z", "last_update": "2023-02-23T20:15:59.217Z", "name": "Blues", "description": "A genre and musical form developed by African Americans in the United States around the end of the 19th century from African-American work songs and European-American folk music. The blues form, ubiquitous in jazz and rock and roll, is characterized by the call-and-response pattern, the blues scale and specific chord progressions, of which the twelve-bar blues is the most common. Blues shuffles or walking bass reinforce the trance-like rhythm and form a repetitive groove effect."}}]