[{"model": "admin.logentry", "pk": 1, "fields": {"action_time": "2023-02-23T20:12:02.757Z", "user": 4, "content_type": 8, "object_id": "1", "object_repr": "Pop", "action_flag": 1, "change_message": "[{\"added\": {}}]"}}, {"model": "admin.logentry", "pk": 2, "fields": {"action_time": "2023-02-23T20:12:26.221Z", "user": 4, "content_type": 8, "object_id": "2", "object_repr": "Hip hop", "action_flag": 1, "change_message": "[{\"added\": {}}]"}}, {"model": "admin.logentry", "pk": 3, "fields": {"action_time": "2023-02-23T20:13:15.571Z", "user": 4, "content_type": 8, "object_id": "3", "object_repr": "Rock", "action_flag": 1, "change_message": "[{\"added\": {}}]"}}, {"model": "admin.logentry", "pk": 4, "fields": {"action_time": "2023-02-23T20:13:43.826Z", "user": 4, "content_type": 8, "object_id": "4", "object_repr": "Rhythm and blues", "action_flag": 1, "change_message": "[{\"added\": {}}]"}}, {"model": "admin.logentry", "pk": 5, "fields": {"action_time": "2023-02-23T20:14:00.332Z", "user": 4, "content_type": 8, "object_id": "5", "object_repr": "Soul", "action_flag": 1, "change_message": "[{\"added\": {}}]"}}, {"model": "admin.logentry", "pk": 6, "fields": {"action_time": "2023-02-23T20:14:18.869Z", "user": 4, "content_type": 8, "object_id": "6", "object_repr": "Reggae", "action_flag": 1, "change_message": "[{\"added\": {}}]"}}, {"model": "admin.logentry", "pk": 7, "fields": {"action_time": "2023-02-23T20:14:41.540Z", "user": 4, "content_type": 8, "object_id": "7", "object_repr": "Country", "action_flag": 1, "change_message": "[{\"added\": {}}]"}}, {"model": "admin.logentry", "pk": 8, "fields": {"action_time": "2023-02-23T20:14:59.488Z", "user": 4, "content_type": 8, "object_id": "8", "object_repr": "Funk", "action_flag": 1, "change_message": "[{\"added\": {}}]"}}, {"model": "admin.logentry", "pk": 9, "fields": {"action_time": "2023-02-23T20:15:16.605Z", "user": 4, "content_type": 8, "object_id": "9", "object_repr": "Folk", "action_flag": 1, "change_message": "[{\"added\": {}}]"}}, {"model": "admin.logentry", "pk": 10, "fields": {"action_time": "2023-02-23T20:15:34.773Z", "user": 4, "content_type": 8, "object_id": "10", "object_repr": "Jazz", "action_flag": 1, "change_message": "[{\"added\": {}}]"}}, {"model": "admin.logentry", "pk": 11, "fields": {"action_time": "2023-02-23T20:15:59.218Z", "user": 4, "content_type": 8, "object_id": "11", "object_repr": "Blues", "action_flag": 1, "change_message": "[{\"added\": {}}]"}}, {"model": "admin.logentry", "pk": 12, "fields": {"action_time": "2023-02-23T20:23:56.209Z", "user": 4, "content_type": 10, "object_id": "1", "object_repr": "Number 1", "action_flag": 1, "change_message": "[{\"added\": {}}]"}}, {"model": "admin.logentry", "pk": 13, "fields": {"action_time": "2023-02-24T14:20:37.056Z", "user": 4, "content_type": 10, "object_id": "2", "object_repr": "Number2", "action_flag": 1, "change_message": "[{\"added\": {}}]"}}, {"model": "admin.logentry", "pk": 14, "fields": {"action_time": "2023-02-24T14:24:06.670Z", "user": 4, "content_type": 10, "object_id": "3", "object_repr": "Number3", "action_flag": 1, "change_message": "[{\"added\": {}}]"}}, {"model": "admin.logentry", "pk": 15, "fields": {"action_time": "2023-03-01T10:44:11.649Z", "user": 4, "content_type": 6, "object_id": "4", "object_repr": "admin19@admin.com", "action_flag": 2, "change_message": "[{\"changed\": {\"fields\": [\"Name\", \"Surname\"]}}]"}}, {"model": "admin.logentry", "pk": 16, "fields": {"action_time": "2023-03-07T09:08:42.450Z", "user": 4, "content_type": 8, "object_id": "14", "object_repr": "music genre test", "action_flag": 3, "change_message": ""}}, {"model": "admin.logentry", "pk": 17, "fields": {"action_time": "2023-03-07T09:08:42.452Z", "user": 4, "content_type": 8, "object_id": "13", "object_repr": "music genre test", "action_flag": 3, "change_message": ""}}, {"model": "admin.logentry", "pk": 18, "fields": {"action_time": "2023-03-08T10:17:40.595Z", "user": 4, "content_type": 11, "object_id": "12", "object_repr": "Test", "action_flag": 3, "change_message": ""}}, {"model": "admin.logentry", "pk": 19, "fields": {"action_time": "2023-03-08T10:17:40.598Z", "user": 4, "content_type": 11, "object_id": "18", "object_repr": "artist name", "action_flag": 3, "change_message": ""}}, {"model": "admin.logentry", "pk": 20, "fields": {"action_time": "2023-03-08T10:17:40.600Z", "user": 4, "content_type": 11, "object_id": "17", "object_repr": "artist_name", "action_flag": 3, "change_message": ""}}, {"model": "admin.logentry", "pk": 21, "fields": {"action_time": "2023-03-08T10:17:40.603Z", "user": 4, "content_type": 11, "object_id": "19", "object_repr": "new Artist", "action_flag": 3, "change_message": ""}}, {"model": "admin.logentry", "pk": 22, "fields": {"action_time": "2023-03-08T10:17:40.604Z", "user": 4, "content_type": 11, "object_id": "22", "object_repr": "new Artist 10", "action_flag": 3, "change_message": ""}}, {"model": "admin.logentry", "pk": 23, "fields": {"action_time": "2023-03-08T10:17:40.606Z", "user": 4, "content_type": 11, "object_id": "20", "object_repr": "new Artist 2", "action_flag": 3, "change_message": ""}}, {"model": "admin.logentry", "pk": 24, "fields": {"action_time": "2023-03-08T10:17:40.608Z", "user": 4, "content_type": 11, "object_id": "14", "object_repr": "test_name", "action_flag": 3, "change_message": ""}}, {"model": "admin.logentry", "pk": 25, "fields": {"action_time": "2023-03-08T10:17:40.610Z", "user": 4, "content_type": 11, "object_id": "13", "object_repr": "test_name", "action_flag": 3, "change_message": ""}}, {"model": "admin.logentry", "pk": 26, "fields": {"action_time": "2023-03-08T10:17:40.612Z", "user": 4, "content_type": 11, "object_id": "11", "object_repr": "test_name", "action_flag": 3, "change_message": ""}}, {"model": "admin.logentry", "pk": 27, "fields": {"action_time": "2023-03-08T10:17:40.613Z", "user": 4, "content_type": 11, "object_id": "16", "object_repr": "testname", "action_flag": 3, "change_message": ""}}, {"model": "admin.logentry", "pk": 28, "fields": {"action_time": "2023-03-08T10:17:40.615Z", "user": 4, "content_type": 11, "object_id": "15", "object_repr": "testname", "action_flag": 3, "change_message": ""}}, {"model": "admin.logentry", "pk": 29, "fields": {"action_time": "2023-03-08T10:17:50.356Z", "user": 4, "content_type": 11, "object_id": "1", "object_repr": "Kate", "action_flag": 3, "change_message": ""}}, {"model": "admin.logentry", "pk": 30, "fields": {"action_time": "2023-03-08T10:18:21.091Z", "user": 4, "content_type": 7, "object_id": "13", "object_repr": "album title", "action_flag": 3, "change_message": ""}}, {"model": "admin.logentry", "pk": 31, "fields": {"action_time": "2023-03-08T10:18:21.094Z", "user": 4, "content_type": 7, "object_id": "12", "object_repr": "album_title", "action_flag": 3, "change_message": ""}}, {"model": "admin.logentry", "pk": 32, "fields": {"action_time": "2023-03-08T10:18:21.096Z", "user": 4, "content_type": 7, "object_id": "14", "object_repr": "new Album", "action_flag": 3, "change_message": ""}}, {"model": "admin.logentry", "pk": 33, "fields": {"action_time": "2023-03-08T10:18:21.098Z", "user": 4, "content_type": 7, "object_id": "17", "object_repr": "new Album 15", "action_flag": 3, "change_message": ""}}, {"model": "admin.logentry", "pk": 34, "fields": {"action_time": "2023-03-08T10:18:21.100Z", "user": 4, "content_type": 7, "object_id": "15", "object_repr": "new Album 2", "action_flag": 3, "change_message": ""}}, {"model": "admin.logentry", "pk": 35, "fields": {"action_time": "2023-03-08T10:18:21.101Z", "user": 4, "content_type": 7, "object_id": "11", "object_repr": "test3", "action_flag": 3, "change_message": ""}}, {"model": "admin.logentry", "pk": 36, "fields": {"action_time": "2023-03-08T10:19:30.144Z", "user": 4, "content_type": 9, "object_id": "1", "object_repr": "new (1)", "action_flag": 3, "change_message": ""}}, {"model": "admin.logentry", "pk": 37, "fields": {"action_time": "2023-03-08T10:19:30.146Z", "user": 4, "content_type": 9, "object_id": "8", "object_repr": "test (8)", "action_flag": 3, "change_message": ""}}, {"model": "admin.logentry", "pk": 38, "fields": {"action_time": "2023-03-08T10:19:30.149Z", "user": 4, "content_type": 9, "object_id": "5", "object_repr": "title track new (5)", "action_flag": 3, "change_message": ""}}, {"model": "admin.logentry", "pk": 39, "fields": {"action_time": "2023-03-08T10:19:30.151Z", "user": 4, "content_type": 9, "object_id": "21", "object_repr": "track new (21)", "action_flag": 3, "change_message": ""}}, {"model": "admin.logentry", "pk": 40, "fields": {"action_time": "2023-03-08T10:19:30.153Z", "user": 4, "content_type": 9, "object_id": "20", "object_repr": "track new (20)", "action_flag": 3, "change_message": ""}}, {"model": "admin.logentry", "pk": 41, "fields": {"action_time": "2023-03-08T10:19:30.156Z", "user": 4, "content_type": 9, "object_id": "19", "object_repr": "track new (19)", "action_flag": 3, "change_message": ""}}, {"model": "admin.logentry", "pk": 42, "fields": {"action_time": "2023-03-08T10:19:30.157Z", "user": 4, "content_type": 9, "object_id": "18", "object_repr": "track new (18)", "action_flag": 3, "change_message": ""}}, {"model": "admin.logentry", "pk": 43, "fields": {"action_time": "2023-03-08T10:19:30.159Z", "user": 4, "content_type": 9, "object_id": "17", "object_repr": "track new (17)", "action_flag": 3, "change_message": ""}}, {"model": "admin.logentry", "pk": 44, "fields": {"action_time": "2023-03-08T12:31:31.580Z", "user": 4, "content_type": 12, "object_id": "1", "object_repr": "UserProfile object (1)", "action_flag": 1, "change_message": "[{\"added\": {}}]"}}, {"model": "admin.logentry", "pk": 45, "fields": {"action_time": "2023-03-12T22:29:54.643Z", "user": 4, "content_type": 7, "object_id": "30", "object_repr": "Account economy exactly father tonight that.", "action_flag": 3, "change_message": ""}}, {"model": "admin.logentry", "pk": 46, "fields": {"action_time": "2023-03-12T22:29:54.646Z", "user": 4, "content_type": 7, "object_id": "26", "object_repr": "Act information truth include.", "action_flag": 3, "change_message": ""}}, {"model": "admin.logentry", "pk": 47, "fields": {"action_time": "2023-03-12T22:29:54.649Z", "user": 4, "content_type": 7, "object_id": "28", "object_repr": "Agreement usually special animal.", "action_flag": 3, "change_message": ""}}, {"model": "admin.logentry", "pk": 48, "fields": {"action_time": "2023-03-12T22:29:54.652Z", "user": 4, "content_type": 7, "object_id": "31", "object_repr": "Behind push moment ask.", "action_flag": 3, "change_message": ""}}, {"model": "admin.logentry", "pk": 49, "fields": {"action_time": "2023-03-12T22:29:54.657Z", "user": 4, "content_type": 7, "object_id": "5", "object_repr": "Bit skin college happen evidence.", "action_flag": 3, "change_message": ""}}, {"model": "admin.logentry", "pk": 50, "fields": {"action_time": "2023-03-12T22:29:54.659Z", "user": 4, "content_type": 7, "object_id": "42", "object_repr": "Concern page compare organization large order old.", "action_flag": 3, "change_message": ""}}, {"model": "admin.logentry", "pk": 51, "fields": {"action_time": "2023-03-12T22:29:54.661Z", "user": 4, "content_type": 7, "object_id": "23", "object_repr": "Conference central bill explain stop follow edge happy.", "action_flag": 3, "change_message": ""}}, {"model": "admin.logentry", "pk": 52, "fields": {"action_time": "2023-03-12T22:29:54.663Z", "user": 4, "content_type": 7, "object_id": "29", "object_repr": "Cover finish decade able.", "action_flag": 3, "change_message": ""}}, {"model": "admin.logentry", "pk": 53, "fields": {"action_time": "2023-03-12T22:29:54.665Z", "user": 4, "content_type": 7, "object_id": "6", "object_repr": "Cup people accept sister.", "action_flag": 3, "change_message": ""}}, {"model": "admin.logentry", "pk": 54, "fields": {"action_time": "2023-03-12T22:29:54.667Z", "user": 4, "content_type": 7, "object_id": "39", "object_repr": "Evening end term study involve.", "action_flag": 3, "change_message": ""}}, {"model": "admin.logentry", "pk": 55, "fields": {"action_time": "2023-03-12T22:29:54.668Z", "user": 4, "content_type": 7, "object_id": "1", "object_repr": "Firm source soon new.", "action_flag": 3, "change_message": ""}}, {"model": "admin.logentry", "pk": 56, "fields": {"action_time": "2023-03-12T22:29:54.671Z", "user": 4, "content_type": 7, "object_id": "25", "object_repr": "Force watch marriage race risk until city.", "action_flag": 3, "change_message": ""}}, {"model": "admin.logentry", "pk": 57, "fields": {"action_time": "2023-03-12T22:29:54.673Z", "user": 4, "content_type": 7, "object_id": "22", "object_repr": "Go care half room both easy recognize you.", "action_flag": 3, "change_message": ""}}, {"model": "admin.logentry", "pk": 58, "fields": {"action_time": "2023-03-12T22:29:54.675Z", "user": 4, "content_type": 7, "object_id": "21", "object_repr": "Go care half room both easy recognize you.", "action_flag": 3, "change_message": ""}}, {"model": "admin.logentry", "pk": 59, "fields": {"action_time": "2023-03-12T22:29:54.676Z", "user": 4, "content_type": 7, "object_id": "20", "object_repr": "Go care half room both easy recognize you.", "action_flag": 3, "change_message": ""}}, {"model": "admin.logentry", "pk": 60, "fields": {"action_time": "2023-03-12T22:29:54.678Z", "user": 4, "content_type": 7, "object_id": "19", "object_repr": "Go care half room both easy recognize you.", "action_flag": 3, "change_message": ""}}, {"model": "admin.logentry", "pk": 61, "fields": {"action_time": "2023-03-12T22:29:54.681Z", "user": 4, "content_type": 7, "object_id": "18", "object_repr": "Go care half room both easy recognize you.", "action_flag": 3, "change_message": ""}}, {"model": "admin.logentry", "pk": 62, "fields": {"action_time": "2023-03-12T22:29:54.683Z", "user": 4, "content_type": 7, "object_id": "10", "object_repr": "Go care half room both easy recognize you.", "action_flag": 3, "change_message": ""}}, {"model": "admin.logentry", "pk": 63, "fields": {"action_time": "2023-03-12T22:29:54.686Z", "user": 4, "content_type": 7, "object_id": "9", "object_repr": "Go care half room both easy recognize you.", "action_flag": 3, "change_message": ""}}, {"model": "admin.logentry", "pk": 64, "fields": {"action_time": "2023-03-12T22:29:54.688Z", "user": 4, "content_type": 7, "object_id": "33", "object_repr": "He cost he.", "action_flag": 3, "change_message": ""}}, {"model": "admin.logentry", "pk": 65, "fields": {"action_time": "2023-03-12T22:29:54.690Z", "user": 4, "content_type": 7, "object_id": "32", "object_repr": "Interesting year increase night dinner truth quickly key.", "action_flag": 3, "change_message": ""}}, {"model": "admin.logentry", "pk": 66, "fields": {"action_time": "2023-03-12T22:29:54.692Z", "user": 4, "content_type": 7, "object_id": "2", "object_repr": "Its something thus until now special.", "action_flag": 3, "change_message": ""}}, {"model": "admin.logentry", "pk": 67, "fields": {"action_time": "2023-03-12T22:29:54.694Z", "user": 4, "content_type": 7, "object_id": "7", "object_repr": "Manager impact me college sort anything particular.", "action_flag": 3, "change_message": ""}}, {"model": "admin.logentry", "pk": 68, "fields": {"action_time": "2023-03-12T22:29:54.696Z", "user": 4, "content_type": 7, "object_id": "41", "object_repr": "Method teach organization part.", "action_flag": 3, "change_message": ""}}, {"model": "admin.logentry", "pk": 69, "fields": {"action_time": "2023-03-12T22:29:54.698Z", "user": 4, "content_type": 7, "object_id": "3", "object_repr": "Office camera around follow school.", "action_flag": 3, "change_message": ""}}, {"model": "admin.logentry", "pk": 70, "fields": {"action_time": "2023-03-12T22:29:54.700Z", "user": 4, "content_type": 7, "object_id": "34", "object_repr": "Politics on miss risk.", "action_flag": 3, "change_message": ""}}, {"model": "admin.logentry", "pk": 71, "fields": {"action_time": "2023-03-12T22:29:54.702Z", "user": 4, "content_type": 7, "object_id": "27", "object_repr": "Range admit baby rate trouble.", "action_flag": 3, "change_message": ""}}, {"model": "admin.logentry", "pk": 72, "fields": {"action_time": "2023-03-12T22:29:54.704Z", "user": 4, "content_type": 7, "object_id": "36", "object_repr": "Reason of sit dark professional.", "action_flag": 3, "change_message": ""}}, {"model": "admin.logentry", "pk": 73, "fields": {"action_time": "2023-03-12T22:29:54.706Z", "user": 4, "content_type": 7, "object_id": "40", "object_repr": "Remain community senior relate again.", "action_flag": 3, "change_message": ""}}, {"model": "admin.logentry", "pk": 74, "fields": {"action_time": "2023-03-12T22:29:54.708Z", "user": 4, "content_type": 7, "object_id": "24", "object_repr": "Result seek party.", "action_flag": 3, "change_message": ""}}, {"model": "admin.logentry", "pk": 75, "fields": {"action_time": "2023-03-12T22:29:54.710Z", "user": 4, "content_type": 7, "object_id": "8", "object_repr": "Rich large whether staff.", "action_flag": 3, "change_message": ""}}, {"model": "admin.logentry", "pk": 76, "fields": {"action_time": "2023-03-12T22:29:54.711Z", "user": 4, "content_type": 7, "object_id": "37", "object_repr": "Rule music billion economy front beat.", "action_flag": 3, "change_message": ""}}, {"model": "admin.logentry", "pk": 77, "fields": {"action_time": "2023-03-12T22:29:54.714Z", "user": 4, "content_type": 7, "object_id": "38", "object_repr": "Sister item clear information home.", "action_flag": 3, "change_message": ""}}, {"model": "admin.logentry", "pk": 78, "fields": {"action_time": "2023-03-12T22:29:54.717Z", "user": 4, "content_type": 7, "object_id": "35", "object_repr": "Thank site adult themselves.", "action_flag": 3, "change_message": ""}}, {"model": "admin.logentry", "pk": 79, "fields": {"action_time": "2023-03-12T22:29:54.719Z", "user": 4, "content_type": 7, "object_id": "4", "object_repr": "Toward left sea finally couple note.", "action_flag": 3, "change_message": ""}}, {"model": "auth.permission", "pk": 1, "fields": {"name": "Can add log entry", "content_type": 1, "codename": "add_logentry"}}, {"model": "auth.permission", "pk": 2, "fields": {"name": "Can change log entry", "content_type": 1, "codename": "change_logentry"}}, {"model": "auth.permission", "pk": 3, "fields": {"name": "Can delete log entry", "content_type": 1, "codename": "delete_logentry"}}, {"model": "auth.permission", "pk": 4, "fields": {"name": "Can view log entry", "content_type": 1, "codename": "view_logentry"}}, {"model": "auth.permission", "pk": 5, "fields": {"name": "Can add permission", "content_type": 2, "codename": "add_permission"}}, {"model": "auth.permission", "pk": 6, "fields": {"name": "Can change permission", "content_type": 2, "codename": "change_permission"}}, {"model": "auth.permission", "pk": 7, "fields": {"name": "Can delete permission", "content_type": 2, "codename": "delete_permission"}}, {"model": "auth.permission", "pk": 8, "fields": {"name": "Can view permission", "content_type": 2, "codename": "view_permission"}}, {"model": "auth.permission", "pk": 9, "fields": {"name": "Can add group", "content_type": 3, "codename": "add_group"}}, {"model": "auth.permission", "pk": 10, "fields": {"name": "Can change group", "content_type": 3, "codename": "change_group"}}, {"model": "auth.permission", "pk": 11, "fields": {"name": "Can delete group", "content_type": 3, "codename": "delete_group"}}, {"model": "auth.permission", "pk": 12, "fields": {"name": "Can view group", "content_type": 3, "codename": "view_group"}}, {"model": "auth.permission", "pk": 13, "fields": {"name": "Can add content type", "content_type": 4, "codename": "add_contenttype"}}, {"model": "auth.permission", "pk": 14, "fields": {"name": "Can change content type", "content_type": 4, "codename": "change_contenttype"}}, {"model": "auth.permission", "pk": 15, "fields": {"name": "Can delete content type", "content_type": 4, "codename": "delete_contenttype"}}, {"model": "auth.permission", "pk": 16, "fields": {"name": "Can view content type", "content_type": 4, "codename": "view_contenttype"}}, {"model": "auth.permission", "pk": 17, "fields": {"name": "Can add session", "content_type": 5, "codename": "add_session"}}, {"model": "auth.permission", "pk": 18, "fields": {"name": "Can change session", "content_type": 5, "codename": "change_session"}}, {"model": "auth.permission", "pk": 19, "fields": {"name": "Can delete session", "content_type": 5, "codename": "delete_session"}}, {"model": "auth.permission", "pk": 20, "fields": {"name": "Can view session", "content_type": 5, "codename": "view_session"}}, {"model": "auth.permission", "pk": 21, "fields": {"name": "Can add user", "content_type": 6, "codename": "add_customer"}}, {"model": "auth.permission", "pk": 22, "fields": {"name": "Can change user", "content_type": 6, "codename": "change_customer"}}, {"model": "auth.permission", "pk": 23, "fields": {"name": "Can delete user", "content_type": 6, "codename": "delete_customer"}}, {"model": "auth.permission", "pk": 24, "fields": {"name": "Can view user", "content_type": 6, "codename": "view_customer"}}, {"model": "auth.permission", "pk": 25, "fields": {"name": "Can add album", "content_type": 7, "codename": "add_album"}}, {"model": "auth.permission", "pk": 26, "fields": {"name": "Can change album", "content_type": 7, "codename": "change_album"}}, {"model": "auth.permission", "pk": 27, "fields": {"name": "Can delete album", "content_type": 7, "codename": "delete_album"}}, {"model": "auth.permission", "pk": 28, "fields": {"name": "Can view album", "content_type": 7, "codename": "view_album"}}, {"model": "auth.permission", "pk": 29, "fields": {"name": "Can add genre", "content_type": 8, "codename": "add_genre"}}, {"model": "auth.permission", "pk": 30, "fields": {"name": "Can change genre", "content_type": 8, "codename": "change_genre"}}, {"model": "auth.permission", "pk": 31, "fields": {"name": "Can delete genre", "content_type": 8, "codename": "delete_genre"}}, {"model": "auth.permission", "pk": 32, "fields": {"name": "Can view genre", "content_type": 8, "codename": "view_genre"}}, {"model": "auth.permission", "pk": 33, "fields": {"name": "Can add track", "content_type": 9, "codename": "add_track"}}, {"model": "auth.permission", "pk": 34, "fields": {"name": "Can change track", "content_type": 9, "codename": "change_track"}}, {"model": "auth.permission", "pk": 35, "fields": {"name": "Can delete track", "content_type": 9, "codename": "delete_track"}}, {"model": "auth.permission", "pk": 36, "fields": {"name": "Can view track", "content_type": 9, "codename": "view_track"}}, {"model": "auth.permission", "pk": 37, "fields": {"name": "Can add playlist", "content_type": 10, "codename": "add_playlist"}}, {"model": "auth.permission", "pk": 38, "fields": {"name": "Can change playlist", "content_type": 10, "codename": "change_playlist"}}, {"model": "auth.permission", "pk": 39, "fields": {"name": "Can delete playlist", "content_type": 10, "codename": "delete_playlist"}}, {"model": "auth.permission", "pk": 40, "fields": {"name": "Can view playlist", "content_type": 10, "codename": "view_playlist"}}, {"model": "auth.permission", "pk": 41, "fields": {"name": "Can add artist", "content_type": 11, "codename": "add_artist"}}, {"model": "auth.permission", "pk": 42, "fields": {"name": "Can change artist", "content_type": 11, "codename": "change_artist"}}, {"model": "auth.permission", "pk": 43, "fields": {"name": "Can delete artist", "content_type": 11, "codename": "delete_artist"}}, {"model": "auth.permission", "pk": 44, "fields": {"name": "Can view artist", "content_type": 11, "codename": "view_artist"}}, {"model": "auth.permission", "pk": 45, "fields": {"name": "Can add user profile", "content_type": 12, "codename": "add_userprofile"}}, {"model": "auth.permission", "pk": 46, "fields": {"name": "Can change user profile", "content_type": 12, "codename": "change_userprofile"}}, {"model": "auth.permission", "pk": 47, "fields": {"name": "Can delete user profile", "content_type": 12, "codename": "delete_userprofile"}}, {"model": "auth.permission", "pk": 48, "fields": {"name": "Can view user profile", "content_type": 12, "codename": "view_userprofile"}}, {"model": "contenttypes.contenttype", "pk": 1, "fields": {"app_label": "admin", "model": "logentry"}}, {"model": "contenttypes.contenttype", "pk": 2, "fields": {"app_label": "auth", "model": "permission"}}, {"model": "contenttypes.contenttype", "pk": 3, "fields": {"app_label": "auth", "model": "group"}}, {"model": "contenttypes.contenttype", "pk": 4, "fields": {"app_label": "contenttypes", "model": "contenttype"}}, {"model": "contenttypes.contenttype", "pk": 5, "fields": {"app_label": "sessions", "model": "session"}}, {"model": "contenttypes.contenttype", "pk": 6, "fields": {"app_label": "account", "model": "customer"}}, {"model": "contenttypes.contenttype", "pk": 7, "fields": {"app_label": "music", "model": "album"}}, {"model": "contenttypes.contenttype", "pk": 8, "fields": {"app_label": "music", "model": "genre"}}, {"model": "contenttypes.contenttype", "pk": 9, "fields": {"app_label": "music", "model": "track"}}, {"model": "contenttypes.contenttype", "pk": 10, "fields": {"app_label": "music", "model": "playlist"}}, {"model": "contenttypes.contenttype", "pk": 11, "fields": {"app_label": "music", "model": "artist"}}, {"model": "contenttypes.contenttype", "pk": 12, "fields": {"app_label": "account", "model": "userprofile"}}, {"model": "sessions.session", "pk": "50yg1gem9dw1r74s2qh44z0scz7knh69", "fields": {"session_data": ".eJxVjEEOwiAQRe_C2pARBoe6dN8zkKEDUjU0Ke3KeHdD0oVu_3vvv1XgfSthb2kNs6irQnX63SJPz1Q7kAfX-6KnpW7rHHVX9EGbHhdJr9vh_h0UbqXXnMkzCEk2xjuiKCajEUpElpDPFhEcQopmIOM8iHUWBgfkL5GB1OcL2X82uQ:1pZbgF:txwJr_9TTdweHxnWrsVAMrbl3DdgxYen5x7acb5gIoM", "expire_date": "2023-03-21T18:04:55.259Z"}}, {"model": "sessions.session", "pk": "c2w1j9bo6hwxrnakfvzoe8l8cfvqfttp", "fields": {"session_data": ".eJxVjEEOwiAQRe_C2pARBoe6dN8zkKEDUjU0Ke3KeHdD0oVu_3vvv1XgfSthb2kNs6irQnX63SJPz1Q7kAfX-6KnpW7rHHVX9EGbHhdJr9vh_h0UbqXXnMkzCEk2xjuiKCajEUpElpDPFhEcQopmIOM8iHUWBgfkL5GB1OcL2X82uQ:1pZTJ5:d-o5Moj2sGP9Tm34Mz0COVBdBChvNdQb1JTG8C-zm9M", "expire_date": "2023-03-21T09:08:27.224Z"}}, {"model": "sessions.session", "pk": "c42nmodwhkrr69aqmlif0qot12pbe5vz", "fields": {"session_data": ".eJxVjEEOwiAQRe_C2pARBoe6dN8zkKEDUjU0Ke3KeHdD0oVu_3vvv1XgfSthb2kNs6irQnX63SJPz1Q7kAfX-6KnpW7rHHVX9EGbHhdJr9vh_h0UbqXXnMkzCEk2xjuiKCajEUpElpDPFhEcQopmIOM8iHUWBgfkL5GB1OcL2X82uQ:1pVGe8:YwhvYSY5MW1NsC16g3oL9KQYasYNBpEFXL8-5YiM9sA", "expire_date": "2023-03-09T18:48:48.588Z"}}, {"model": "sessions.session", "pk": "ln09vs22x2sz8y1915eyy4bbeyccprkz", "fields": {"session_data": ".eJxVjEEOwiAQRe_C2pARBoe6dN8zkKEDUjU0Ke3KeHdD0oVu_3vvv1XgfSthb2kNs6irQnX63SJPz1Q7kAfX-6KnpW7rHHVX9EGbHhdJr9vh_h0UbqXXnMkzCEk2xjuiKCajEUpElpDPFhEcQopmIOM8iHUWBgfkL5GB1OcL2X82uQ:1pYtUF:bLB5Zf9K2qOdLEFSi-iNqIW6vqz-WzAB9jW3KE4AHqQ", "expire_date": "2023-03-19T18:53:35.402Z"}}, {"model": "sessions.session", "pk": "pumpp6cgegar52iubymorfysyqlcb2ro", "fields": {"session_data": ".eJxVjEEOwiAQRe_C2pARBoe6dN8zkKEDUjU0Ke3KeHdD0oVu_3vvv1XgfSthb2kNs6irQnX63SJPz1Q7kAfX-6KnpW7rHHVX9EGbHhdJr9vh_h0UbqXXnMkzCEk2xjuiKCajEUpElpDPFhEcQopmIOM8iHUWBgfkL5GB1OcL2X82uQ:1pb2Rx:5rOb9bF7I2owMGIcIrEh8ZjemF8RBm1aLF4fczzmKN0", "expire_date": "2023-03-25T16:52:05.029Z"}}, {"model": "sessions.session", "pk": "u6qvdl168q5xtyhq0x0xksy4q66xc696", "fields": {"session_data": ".eJxVjEEOwiAQRe_C2pARBoe6dN8zkKEDUjU0Ke3KeHdD0oVu_3vvv1XgfSthb2kNs6irQnX63SJPz1Q7kAfX-6KnpW7rHHVX9EGbHhdJr9vh_h0UbqXXnMkzCEk2xjuiKCajEUpElpDPFhEcQopmIOM8iHUWBgfkL5GB1OcL2X82uQ:1pb2Kf:LManrrZKPhDB9VVZNeBDtY7zOhNPMU62o3FzVw8NRhk", "expire_date": "2023-03-25T16:44:33.990Z"}}, {"model": "sessions.session", "pk": "wbin43zv07b1i1jjj5acqn4jp2nhhfli", "fields": {"session_data": ".eJxVjDsOwjAQBe_iGln-JfZS0nMGa71r4wBypDipEHeHSCmgfTPzXiLitta49bzEicVZaHH63RLSI7cd8B3bbZY0t3WZktwVedAurzPn5-Vw_w4q9vqtkZxVOAJoLGyNKaQ9sA7grBuU80F5MyQVRjKsoSTW5Nh4ZRHBqoLi_QHF7Tcx:1pSk71:waCEnuzRHiOmyDV3cAyXlDrmfu10FY3RBDZaN4aKD8Y", "expire_date": "2023-03-02T19:40:11.301Z"}}, {"model": "account.customer", "pk": 1, "fields": {"password": "pbkdf2_sha256$390000$1ZiNLcZBD2o93EJVSd1FP7$Ouk8Avvh6zQTVvrNdE/LdHRC4sg0DHxy/pLL9xgRbuM=", "last_login": "2023-02-16T19:40:11.298Z", "is_superuser": true, "first_name": "", "last_name": "", "email": "admin@admin.com", "phone_number": null, "is_staff": true, "is_active": true, "date_joined": "2023-02-16T19:33:26.241Z", "birth_date": null, "avatar": "", "city": "", "groups": [], "user_permissions": []}}, {"model": "account.customer", "pk": 2, "fields": {"password": "12345", "last_login": null, "is_superuser": false, "first_name": "test", "last_name": "test", "email": "test@test.com", "phone_number": null, "is_staff": false, "is_active": true, "date_joined": "2023-02-23T13:31:35.499Z", "birth_date": null, "avatar": "", "city": "", "groups": [], "user_permissions": []}}, {"model": "account.customer", "pk": 3, "fields": {"password": "12345", "last_login": null, "is_superuser": false, "first_name": "test", "last_name": "test", "email": "tast@test.com", "phone_number": null, "is_staff": false, "is_active": true, "date_joined": "2023-02-23T13:44:09.318Z", "birth_date": null, "avatar": "", "city": "", "groups": [], "user_permissions": []}}, {"model": "account.customer", "pk": 4, "fields": {"password": "pbkdf2_sha256$390000$9GX9kNKOIt3mAWyAclTz3M$5GmPXfdEYUgbBJ7J+g1WAYw1Rc92K6LevFoiUL3pXVc=", "last_login": "2023-03-07T18:04:55.256Z", "is_superuser": true, "first_name": "Admin", "last_name": "Admin", "email": "admin19@admin.com", "phone_number": null, "is_staff": true, "is_active": true, "date_joined": "2023-02-23T18:48:03Z", "birth_date": null, "avatar": "", "city": "", "groups": [], "user_permissions": []}}, {"model": "account.customer", "pk": 5, "fields": {"password": "pbkdf2_sha256$390000$OX2XOpJtIoOn685EERcWjf$Dgg5ITuV8Ee7ZLJwLSIYmUwGiiz3NwQgGLknUzWKU80=", "last_login": "2023-03-06T21:04:51.076Z", "is_superuser": false, "first_name": "test", "last_name": "test1", "email": "test_music@test.com", "phone_number": null, "is_staff": false, "is_active": true, "date_joined": "2023-03-06T21:04:20.377Z", "birth_date": null, "avatar": "", "city": "", "groups": [], "user_permissions": []}}, {"model": "account.customer", "pk": 6, "fields": {"password": "pbkdf2_sha256$390000$vx08TVkPOjz6AAAFuGNhd0$J0qFqm3Qc0tgrMF6jhvRBKsJ+G5UDL7xzHGtxO6+RN0=", "last_login": null, "is_superuser": false, "first_name": "test2", "last_name": "test22", "email": "test_music1@test.com", "phone_number": null, "is_staff": false, "is_active": false, "date_joined": "2023-03-06T22:10:07.581Z", "birth_date": null, "avatar": "", "city": "", "groups": [], "user_permissions": []}}, {"model": "account.customer", "pk": 7, "fields": {"password": "pbkdf2_sha256$390000$s53oksxrxAcxHE4S4Lf8ta$TE/1rqAXluraDr0HgNtRH04lJiBQH7V4cSai8aaX5os=", "last_login": "2023-03-06T22:16:39.920Z", "is_superuser": false, "first_name": "test3", "last_name": "test33", "email": "test_music3@test.com", "phone_number": null, "is_staff": false, "is_active": true, "date_joined": "2023-03-06T22:16:23.714Z", "birth_date": null, "avatar": "", "city": "", "groups": [], "user_permissions": []}}, {"model": "account.userprofile", "pk": 1, "fields": {"user": 4, "gender": "Female", "user_type": "User", "bio": "", "photo": "", "favourite_genres": "Rock", "website": null, "city": "Odessa", "postcode": "65016"}}, {"model": "music.track", "pk": 102, "fields": {"create_datetime": "2023-03-12T22:30:27.464Z", "last_update": "2023-03-12T22:30:27.464Z", "title": "Left as hold ever.", "length": 462, "artist": 31, "create_date": "1997-07-21", "track_file": "", "album": 51}}, {"model": "music.track", "pk": 103, "fields": {"create_datetime": "2023-03-12T22:30:27.469Z", "last_update": "2023-03-12T22:30:27.469Z", "title": "Important give born against least I.", "length": 462, "artist": 32, "create_date": "1979-10-03", "track_file": "", "album": 46}}, {"model": "music.track", "pk": 104, "fields": {"create_datetime": "2023-03-12T22:30:27.474Z", "last_update": "2023-03-12T22:30:27.474Z", "title": "Much something answer.", "length": 196, "artist": 32, "create_date": "1996-09-10", "track_file": "", "album": 50}}, {"model": "music.track", "pk": 105, "fields": {"create_datetime": "2023-03-12T22:30:27.481Z", "last_update": "2023-03-12T22:30:27.481Z", "title": "Task operation office key.", "length": 55, "artist": 30, "create_date": "1975-05-10", "track_file": "", "album": 50}}, {"model": "music.track", "pk": 106, "fields": {"create_datetime": "2023-03-12T22:30:27.489Z", "last_update": "2023-03-12T22:30:27.489Z", "title": "Live miss week long form mean foreign.", "length": 306, "artist": 6, "create_date": "1991-10-20", "track_file": "", "album": 50}}, {"model": "music.track", "pk": 107, "fields": {"create_datetime": "2023-03-12T22:30:27.494Z", "last_update": "2023-03-12T22:30:27.494Z", "title": "Responsibility writer time ask.", "length": 283, "artist": 4, "create_date": "2021-11-27", "track_file": "", "album": 50}}, {"model": "music.track", "pk": 108, "fields": {"create_datetime": "2023-03-12T22:30:27.499Z", "last_update": "2023-03-12T22:30:27.499Z", "title": "Whose research cut.", "length": 92, "artist": 23, "create_date": "1973-10-17", "track_file": "", "album": 43}}, {"model": "music.track", "pk": 109, "fields": {"create_datetime": "2023-03-12T22:30:27.503Z", "last_update": "2023-03-12T22:30:27.503Z", "title": "Money smile future bill.", "length": 62, "artist": 52, "create_date": "1997-08-08", "track_file": "", "album": 48}}, {"model": "music.track", "pk": 110, "fields": {"create_datetime": "2023-03-12T22:30:27.507Z", "last_update": "2023-03-12T22:30:27.507Z", "title": "Reason way participant attorney war pull bag.", "length": 157, "artist": 40, "create_date": "2013-05-09", "track_file": "", "album": 49}}, {"model": "music.track", "pk": 111, "fields": {"create_datetime": "2023-03-12T22:30:27.511Z", "last_update": "2023-03-12T22:30:27.511Z", "title": "Window office member last political agreement program.", "length": 212, "artist": 34, "create_date": "1971-04-16", "track_file": "", "album": 48}}, {"model": "music.track", "pk": 112, "fields": {"create_datetime": "2023-03-12T22:30:27.516Z", "last_update": "2023-03-12T22:30:27.516Z", "title": "Age argue peace line author fast someone.", "length": 161, "artist": 50, "create_date": "1993-08-23", "track_file": "", "album": 44}}, {"model": "music.track", "pk": 113, "fields": {"create_datetime": "2023-03-12T22:30:27.521Z", "last_update": "2023-03-12T22:30:27.521Z", "title": "Administration Mr physical nothing.", "length": 241, "artist": 39, "create_date": "1977-01-04", "track_file": "", "album": 43}}, {"model": "music.track", "pk": 114, "fields": {"create_datetime": "2023-03-12T22:30:27.526Z", "last_update": "2023-03-12T22:30:27.526Z", "title": "Bank wife media fact.", "length": 264, "artist": 28, "create_date": "1986-09-14", "track_file": "", "album": 46}}, {"model": "music.track", "pk": 115, "fields": {"create_datetime": "2023-03-12T22:30:27.530Z", "last_update": "2023-03-12T22:30:27.530Z", "title": "Beat foot fire hold near attack board authority.", "length": 458, "artist": 6, "create_date": "2016-04-25", "track_file": "", "album": 52}}, {"model": "music.track", "pk": 116, "fields": {"create_datetime": "2023-03-12T22:30:27.535Z", "last_update": "2023-03-12T22:30:27.535Z", "title": "Couple defense likely discover walk.", "length": 294, "artist": 7, "create_date": "1987-11-15", "track_file": "", "album": 49}}, {"model": "music.track", "pk": 117, "fields": {"create_datetime": "2023-03-12T22:30:27.542Z", "last_update": "2023-03-12T22:30:27.542Z", "title": "Degree approach response board garden collection.", "length": 174, "artist": 32, "create_date": "1998-04-27", "track_file": "", "album": 45}}, {"model": "music.track", "pk": 118, "fields": {"create_datetime": "2023-03-12T22:30:27.547Z", "last_update": "2023-03-12T22:30:27.547Z", "title": "Fight TV wait option without avoid.", "length": 323, "artist": 30, "create_date": "2015-10-13", "track_file": "", "album": 50}}, {"model": "music.track", "pk": 119, "fields": {"create_datetime": "2023-03-12T22:30:27.551Z", "last_update": "2023-03-12T22:30:27.551Z", "title": "Follow make experience point.", "length": 410, "artist": 4, "create_date": "2013-07-31", "track_file": "", "album": 43}}, {"model": "music.track", "pk": 120, "fields": {"create_datetime": "2023-03-12T22:30:27.556Z", "last_update": "2023-03-12T22:30:27.556Z", "title": "Huge night pay happy.", "length": 376, "artist": 27, "create_date": "1986-11-08", "track_file": "", "album": 44}}, {"model": "music.track", "pk": 121, "fields": {"create_datetime": "2023-03-12T22:30:27.561Z", "last_update": "2023-03-12T22:30:27.561Z", "title": "Of recently include budget sing early alone.", "length": 386, "artist": 5, "create_date": "2017-01-10", "track_file": "", "album": 46}}, {"model": "music.track", "pk": 122, "fields": {"create_datetime": "2023-03-12T22:30:27.566Z", "last_update": "2023-03-12T22:30:27.566Z", "title": "Above determine behind beat imagine accept.", "length": 107, "artist": 23, "create_date": "1974-07-18", "track_file": "", "album": 47}}, {"model": "music.track", "pk": 123, "fields": {"create_datetime": "2023-03-12T22:30:27.570Z", "last_update": "2023-03-12T22:30:27.570Z", "title": "Understand road safe back environment beautiful air child.", "length": 96, "artist": 28, "create_date": "2012-04-14", "track_file": "", "album": 43}}, {"model": "music.track", "pk": 124, "fields": {"create_datetime": "2023-03-12T22:30:27.575Z", "last_update": "2023-03-12T22:30:27.575Z", "title": "Pattern huge machine kind.", "length": 219, "artist": 2, "create_date": "2008-08-17", "track_file": "", "album": 48}}, {"model": "music.track", "pk": 125, "fields": {"create_datetime": "2023-03-12T22:30:27.579Z", "last_update": "2023-03-12T22:30:27.579Z", "title": "Hit face attack machine response effort.", "length": 242, "artist": 3, "create_date": "1974-01-16", "track_file": "", "album": 50}}, {"model": "music.track", "pk": 126, "fields": {"create_datetime": "2023-03-12T22:30:27.583Z", "last_update": "2023-03-12T22:30:27.583Z", "title": "Early office activity group method cause.", "length": 401, "artist": 43, "create_date": "1993-10-15", "track_file": "", "album": 47}}, {"model": "music.track", "pk": 127, "fields": {"create_datetime": "2023-03-12T22:30:27.587Z", "last_update": "2023-03-12T22:30:27.587Z", "title": "Cost free magazine through.", "length": 174, "artist": 42, "create_date": "1986-10-21", "track_file": "", "album": 50}}, {"model": "music.track", "pk": 128, "fields": {"create_datetime": "2023-03-12T22:30:27.591Z", "last_update": "2023-03-12T22:30:27.591Z", "title": "Road somebody none eight.", "length": 491, "artist": 7, "create_date": "1970-05-31", "track_file": "", "album": 47}}, {"model": "music.track", "pk": 129, "fields": {"create_datetime": "2023-03-12T22:30:27.595Z", "last_update": "2023-03-12T22:30:27.595Z", "title": "Picture either agent social throw other.", "length": 292, "artist": 52, "create_date": "2018-08-26", "track_file": "", "album": 47}}, {"model": "music.track", "pk": 130, "fields": {"create_datetime": "2023-03-12T22:30:27.599Z", "last_update": "2023-03-12T22:30:27.599Z", "title": "Itself class either college second store.", "length": 83, "artist": 34, "create_date": "2004-04-26", "track_file": "", "album": 45}}, {"model": "music.track", "pk": 131, "fields": {"create_datetime": "2023-03-12T22:30:27.603Z", "last_update": "2023-03-12T22:30:27.603Z", "title": "Statement research around guy.", "length": 72, "artist": 46, "create_date": "1984-03-29", "track_file": "", "album": 51}}, {"model": "music.playlist", "pk": 1, "fields": {"create_datetime": "2023-02-23T20:23:56.208Z", "last_update": "2023-02-23T20:23:56.208Z", "title": "Number 1", "user": 1, "tracks": []}}, {"model": "music.playlist", "pk": 2, "fields": {"create_datetime": "2023-02-24T14:20:37.054Z", "last_update": "2023-02-24T14:20:37.054Z", "title": "Number2", "user": 2, "tracks": []}}, {"model": "music.playlist", "pk": 4, "fields": {"create_datetime": "2023-02-24T14:35:13.840Z", "last_update": "2023-02-24T14:35:13.840Z", "title": "Number4", "user": 2, "tracks": []}}, {"model": "music.playlist", "pk": 5, "fields": {"create_datetime": "2023-02-24T14:37:50.558Z", "last_update": "2023-02-26T21:32:55.974Z", "title": "Number555", "user": 2, "tracks": []}}, {"model": "music.album", "pk": 43, "fields": {"create_datetime": "2023-03-12T22:30:13.265Z", "last_update": "2023-03-12T22:30:13.265Z", "title": "Detail research value short.", "description": "description", "genre": 4, "image": "default.png"}}, {"model": "music.album", "pk": 44, "fields": {"create_datetime": "2023-03-12T22:30:13.268Z", "last_update": "2023-03-12T22:30:13.268Z", "title": "Final turn meet increase stay.", "description": "description", "genre": 6, "image": "default.png"}}, {"model": "music.album", "pk": 45, "fields": {"create_datetime": "2023-03-12T22:30:13.270Z", "last_update": "2023-03-12T22:30:13.270Z", "title": "Policy want live number what tree international challenge.", "description": "description", "genre": 10, "image": "default.png"}}, {"model": "music.album", "pk": 46, "fields": {"create_datetime": "2023-03-12T22:30:13.273Z", "last_update": "2023-03-12T22:30:13.273Z", "title": "Send actually more join point law.", "description": "description", "genre": 11, "image": "default.png"}}, {"model": "music.album", "pk": 47, "fields": {"create_datetime": "2023-03-12T22:30:13.275Z", "last_update": "2023-03-12T22:30:13.275Z", "title": "Education support world task especially.", "description": "description", "genre": 1, "image": "default.png"}}, {"model": "music.album", "pk": 48, "fields": {"create_datetime": "2023-03-12T22:30:13.280Z", "last_update": "2023-03-12T22:30:13.280Z", "title": "War truth network action country own.", "description": "description", "genre": 5, "image": "default.png"}}, {"model": "music.album", "pk": 49, "fields": {"create_datetime": "2023-03-12T22:30:13.283Z", "last_update": "2023-03-12T22:30:13.283Z", "title": "Exist easy item.", "description": "description", "genre": 8, "image": "default.png"}}, {"model": "music.album", "pk": 50, "fields": {"create_datetime": "2023-03-12T22:30:13.286Z", "last_update": "2023-03-12T22:30:13.286Z", "title": "Detail rate scene focus pick.", "description": "description", "genre": 10, "image": "default.png"}}, {"model": "music.album", "pk": 51, "fields": {"create_datetime": "2023-03-12T22:30:13.288Z", "last_update": "2023-03-12T22:30:13.288Z", "title": "Surface industry tax also.", "description": "description", "genre": 8, "image": "default.png"}}, {"model": "music.album", "pk": 52, "fields": {"create_datetime": "2023-03-12T22:30:13.291Z", "last_update": "2023-03-12T22:30:13.291Z", "title": "View west during artist writer go.", "description": "description", "genre": 3, "image": "default.png"}}, {"model": "music.artist", "pk": 2, "fields": {"create_datetime": "2023-02-23T20:08:24.182Z", "last_update": "2023-02-25T19:13:23.565Z", "name": "Eddie Martinez", "biography": "biography"}}, {"model": "music.artist", "pk": 3, "fields": {"create_datetime": "2023-02-23T20:08:24.184Z", "last_update": "2023-02-23T20:08:24.184Z", "name": "Natalie Wallace", "biography": "biography"}}, {"model": "music.artist", "pk": 4, "fields": {"create_datetime": "2023-02-23T20:08:24.186Z", "last_update": "2023-02-23T20:08:24.186Z", "name": "Sarah Sanders", "biography": "biography"}}, {"model": "music.artist", "pk": 5, "fields": {"create_datetime": "2023-02-23T20:08:24.188Z", "last_update": "2023-02-25T17:00:41.225Z", "name": "Eddie Martinez", "biography": "biography"}}, {"model": "music.artist", "pk": 6, "fields": {"create_datetime": "2023-02-23T20:08:24.193Z", "last_update": "2023-02-23T20:08:24.193Z", "name": "David Allen", "biography": "biography"}}, {"model": "music.artist", "pk": 7, "fields": {"create_datetime": "2023-02-23T20:08:24.195Z", "last_update": "2023-02-23T20:08:24.195Z", "name": "Mr. Dennis Meyer", "biography": "biography"}}, {"model": "music.artist", "pk": 8, "fields": {"create_datetime": "2023-02-23T20:08:24.197Z", "last_update": "2023-02-23T20:08:24.197Z", "name": "David Nelson", "biography": "biography"}}, {"model": "music.artist", "pk": 9, "fields": {"create_datetime": "2023-02-23T20:08:24.199Z", "last_update": "2023-02-23T20:08:24.199Z", "name": "Helen Browning", "biography": "biography"}}, {"model": "music.artist", "pk": 10, "fields": {"create_datetime": "2023-02-23T20:08:24.201Z", "last_update": "2023-02-25T16:53:32.864Z", "name": "Eddie Martinez", "biography": "biography"}}, {"model": "music.artist", "pk": 23, "fields": {"create_datetime": "2023-02-25T16:56:59.023Z", "last_update": "2023-02-25T16:56:59.023Z", "name": "Eddie Martinez", "biography": "biography"}}, {"model": "music.artist", "pk": 24, "fields": {"create_datetime": "2023-02-25T16:57:25.647Z", "last_update": "2023-02-25T16:57:25.648Z", "name": "Eddie Martinez", "biography": "biography"}}, {"model": "music.artist", "pk": 25, "fields": {"create_datetime": "2023-02-25T16:57:31.347Z", "last_update": "2023-02-25T16:57:31.347Z", "name": "Eddie Martinez", "biography": "biography"}}, {"model": "music.artist", "pk": 26, "fields": {"create_datetime": "2023-02-25T17:00:12.088Z", "last_update": "2023-02-25T17:00:12.088Z", "name": "Eddie Martinez", "biography": "biography"}}, {"model": "music.artist", "pk": 27, "fields": {"create_datetime": "2023-02-25T17:07:23.449Z", "last_update": "2023-02-25T17:07:23.449Z", "name": "Eddie Martinez", "biography": "biography"}}, {"model": "music.artist", "pk": 28, "fields": {"create_datetime": "2023-03-08T10:17:01.668Z", "last_update": "2023-03-08T10:17:01.669Z", "name": "Molly Reyes", "biography": "biography"}}, {"model": "music.artist", "pk": 29, "fields": {"create_datetime": "2023-03-08T10:17:01.672Z", "last_update": "2023-03-08T10:17:01.672Z", "name": "Samuel Munoz", "biography": "biography"}}, {"model": "music.artist", "pk": 30, "fields": {"create_datetime": "2023-03-08T10:17:01.674Z", "last_update": "2023-03-08T10:17:01.674Z", "name": "Andrew Hale", "biography": "biography"}}, {"model": "music.artist", "pk": 31, "fields": {"create_datetime": "2023-03-08T10:17:01.676Z", "last_update": "2023-03-08T10:17:01.676Z", "name": "Leah Johnson", "biography": "biography"}}, {"model": "music.artist", "pk": 32, "fields": {"create_datetime": "2023-03-08T10:17:01.678Z", "last_update": "2023-03-08T10:17:01.678Z", "name": "Amanda Brooks", "biography": "biography"}}, {"model": "music.artist", "pk": 33, "fields": {"create_datetime": "2023-03-08T10:17:01.680Z", "last_update": "2023-03-08T10:17:01.680Z", "name": "Anne White", "biography": "biography"}}, {"model": "music.artist", "pk": 34, "fields": {"create_datetime": "2023-03-08T10:17:01.681Z", "last_update": "2023-03-08T10:17:01.682Z", "name": "Clayton Holland", "biography": "biography"}}, {"model": "music.artist", "pk": 35, "fields": {"create_datetime": "2023-03-08T10:17:01.683Z", "last_update": "2023-03-08T10:17:01.683Z", "name": "Kyle Thompson", "biography": "biography"}}, {"model": "music.artist", "pk": 36, "fields": {"create_datetime": "2023-03-08T10:17:01.685Z", "last_update": "2023-03-08T10:17:01.685Z", "name": "Brandon Collins", "biography": "biography"}}, {"model": "music.artist", "pk": 37, "fields": {"create_datetime": "2023-03-08T10:17:01.686Z", "last_update": "2023-03-08T10:17:01.686Z", "name": "Crystal Reed", "biography": "biography"}}, {"model": "music.artist", "pk": 38, "fields": {"create_datetime": "2023-03-08T10:17:58.333Z", "last_update": "2023-03-08T10:17:58.333Z", "name": "Daniel Porter", "biography": "biography"}}, {"model": "music.artist", "pk": 39, "fields": {"create_datetime": "2023-03-08T10:17:58.336Z", "last_update": "2023-03-08T10:17:58.336Z", "name": "Joseph Garner", "biography": "biography"}}, {"model": "music.artist", "pk": 40, "fields": {"create_datetime": "2023-03-08T10:17:58.337Z", "last_update": "2023-03-08T10:17:58.338Z", "name": "Maria Rivera", "biography": "biography"}}, {"model": "music.artist", "pk": 41, "fields": {"create_datetime": "2023-03-08T10:17:58.340Z", "last_update": "2023-03-08T10:17:58.340Z", "name": "Sherri Peters", "biography": "biography"}}, {"model": "music.artist", "pk": 42, "fields": {"create_datetime": "2023-03-08T10:17:58.341Z", "last_update": "2023-03-08T10:17:58.342Z", "name": "Dustin Snyder", "biography": "biography"}}, {"model": "music.artist", "pk": 43, "fields": {"create_datetime": "2023-03-08T10:17:58.344Z", "last_update": "2023-03-08T10:17:58.344Z", "name": "Robert Lopez", "biography": "biography"}}, {"model": "music.artist", "pk": 44, "fields": {"create_datetime": "2023-03-08T10:17:58.348Z", "last_update": "2023-03-08T10:17:58.348Z", "name": "Diana Rose", "biography": "biography"}}, {"model": "music.artist", "pk": 45, "fields": {"create_datetime": "2023-03-08T10:17:58.350Z", "last_update": "2023-03-08T10:17:58.350Z", "name": "Nicholas Brooks", "biography": "biography"}}, {"model": "music.artist", "pk": 46, "fields": {"create_datetime": "2023-03-08T10:17:58.351Z", "last_update": "2023-03-08T10:17:58.351Z", "name": "Taylor Smith", "biography": "biography"}}, {"model": "music.artist", "pk": 47, "fields": {"create_datetime": "2023-03-08T10:17:58.353Z", "last_update": "2023-03-08T10:17:58.353Z", "name": "Christopher Faulkner", "biography": "biography"}}, {"model": "music.artist", "pk": 48, "fields": {"create_datetime": "2023-03-12T22:28:32.122Z", "last_update": "2023-03-12T22:28:32.122Z", "name": "Kathleen Davidson", "biography": "biography"}}, {"model": "music.artist", "pk": 49, "fields": {"create_datetime": "2023-03-12T22:28:32.126Z", "last_update": "2023-03-12T22:28:32.126Z", "name": "Daniel Griffin", "biography": "biography"}}, {"model": "music.artist", "pk": 50, "fields": {"create_datetime": "2023-03-12T22:28:32.128Z", "last_update": "2023-03-12T22:28:32.128Z", "name": "Deanna Harris", "biography": "biography"}}, {"model": "music.artist", "pk": 51, "fields": {"create_datetime": "2023-03-12T22:28:32.130Z", "last_update": "2023-03-12T22:28:32.130Z", "name": "Angela Martin", "biography": "biography"}}, {"model": "music.artist", "pk": 52, "fields": {"create_datetime": "2023-03-12T22:28:32.132Z", "last_update": "2023-03-12T22:28:32.132Z", "name": "Jennifer Koch", "biography": "biography"}}, {"model": "music.genre", "pk": 1, "fields": {"create_datetime": "2023-02-23T20:12:02.756Z", "last_update": "2023-02-24T13:30:41.657Z", "name": "Pop music", "description": "A genre of popular music that originated in the West during the 1950s and 1960s. Pop music is eclectic, often borrowing elements from urban, dance, rock, Latin, country, and other styles. Songs are typically short to medium-length with repeated choruses, melodic tunes, and hooks."}}, {"model": "music.genre", "pk": 2, "fields": {"create_datetime": "2023-02-23T20:12:26.221Z", "last_update": "2023-02-23T20:12:26.221Z", "name": "Hip hop", "description": "Hip hop or rap music formed in the United States in the 1970s and consists of stylized rhythmic music that commonly accompanies rhythmic and rhyming speech (\"rapping\")."}}, {"model": "music.genre", "pk": 3, "fields": {"create_datetime": "2023-02-23T20:13:15.570Z", "last_update": "2023-02-23T20:13:15.570Z", "name": "Rock", "description": "A genre of popular music that originated as \"rock and roll\" in the United States in the 1950s, and developed into a range of different styles in the 1960s and later. Compared to pop music, rock places a higher degree of emphasis on musicianship, live performance, and an ideology of authenticity."}}, {"model": "music.genre", "pk": 4, "fields": {"create_datetime": "2023-02-23T20:13:43.826Z", "last_update": "2023-02-23T20:13:43.826Z", "name": "Rhythm and blues", "description": "A genre of popular African-American music that originated in the 1940s as urbane, rocking, jazz based music with a heavy, insistent beat. Lyrics focus heavily on the themes of triumphs and failures in terms of relationships, freedom, economics, aspirations, and sex."}}, {"model": "music.genre", "pk": 5, "fields": {"create_datetime": "2023-02-23T20:14:00.331Z", "last_update": "2023-02-23T20:14:00.331Z", "name": "Soul", "description": "A popular music genre that combines elements of African-American gospel music, rhythm and blues and jazz."}}, {"model": "music.genre", "pk": 6, "fields": {"create_datetime": "2023-02-23T20:14:18.869Z", "last_update": "2023-02-23T20:14:18.869Z", "name": "Reggae", "description": "A music genre that originated in Jamaica in the late 1960s, strongly influenced by traditional mento as well as American jazz and rhythm and blues, instantly recognizable from the counterpoint between the bass and drum downbeat, and the offbeat rhythm section."}}, {"model": "music.genre", "pk": 7, "fields": {"create_datetime": "2023-02-23T20:14:41.540Z", "last_update": "2023-02-23T20:14:41.540Z", "name": "Country", "description": "A genre of United States popular music with origins in folk, Blues and Western music, often consisting of ballads and dance tunes with generally simple forms and harmonies accompanied by mostly string instruments such as banjos, electric and acoustic guitars, dobros, and fiddles as well as harmonicas."}}, {"model": "music.genre", "pk": 8, "fields": {"create_datetime": "2023-02-23T20:14:59.488Z", "last_update": "2023-02-23T20:14:59.488Z", "name": "Funk", "description": "A music genre that originated in the 1960s when African American musicians created a rhythmic, danceable new form of music that de-emphasized melody and chord progressions to bring a strong rhythmic groove of a bass line and drum part to the foreground."}}, {"model": "music.genre", "pk": 9, "fields": {"create_datetime": "2023-02-23T20:15:16.605Z", "last_update": "2023-02-23T20:15:16.605Z", "name": "Folk", "description": "A genre that evolved from traditional music during the 20th century folk revival. One meaning often given is that of old songs with no known composers; another is music that has been transmitted and evolved by a process of oral transmission or performed by custom over a long period of time."}}, {"model": "music.genre", "pk": 10, "fields": {"create_datetime": "2023-02-23T20:15:34.772Z", "last_update": "2023-02-23T20:15:34.772Z", "name": "Jazz", "description": "A music genre that originated from African American communities of New Orleans during the late 19th and early 20th centuries in the form of independent traditional and popular musical styles, all linked by the common bonds of African American and European American musical parentage with a performance orientation."}}, {"model": "music.genre", "pk": 11, "fields": {"create_datetime": "2023-02-23T20:15:59.217Z", "last_update": "2023-02-23T20:15:59.217Z", "name": "Blues", "description": "A genre and musical form developed by African Americans in the United States around the end of the 19th century from African-American work songs and European-American folk music. The blues form, ubiquitous in jazz and rock and roll, is characterized by the call-and-response pattern, the blues scale and specific chord progressions, of which the twelve-bar blues is the most common. Blues shuffles or walking bass reinforce the trance-like rhythm and form a repetitive groove effect."}}]