[{"model": "admin.logentry", "pk": 1, "fields": {"action_time": "2023-04-14T07:43:25.172Z", "user": 1, "content_type": 12, "object_id": "1", "object_repr": "admin19@admin.com", "action_flag": 2, "change_message": "[{\"changed\": {\"fields\": [\"Name\", \"City\"]}}]"}}, {"model": "admin.logentry", "pk": 2, "fields": {"action_time": "2023-04-14T07:58:28.211Z", "user": 1, "content_type": 18, "object_id": "2", "object_repr": "Sia", "action_flag": 1, "change_message": "[{\"added\": {}}]"}}, {"model": "admin.logentry", "pk": 3, "fields": {"action_time": "2023-04-14T08:27:51.634Z", "user": 1, "content_type": 14, "object_id": "1", "object_repr": "This Is Acting", "action_flag": 1, "change_message": "[{\"added\": {}}]"}}, {"model": "admin.logentry", "pk": 4, "fields": {"action_time": "2023-04-14T08:49:22.299Z", "user": 1, "content_type": 14, "object_id": "2", "object_repr": "Night Visions", "action_flag": 1, "change_message": "[{\"added\": {}}]"}}, {"model": "admin.logentry", "pk": 5, "fields": {"action_time": "2023-04-14T08:50:46.448Z", "user": 1, "content_type": 12, "object_id": "1", "object_repr": "admin19@admin.com", "action_flag": 2, "change_message": "[{\"changed\": {\"fields\": [\"Avatar\"]}}]"}}, {"model": "admin.logentry", "pk": 6, "fields": {"action_time": "2023-04-14T09:13:34.511Z", "user": 1, "content_type": 16, "object_id": "1", "object_repr": "Unstoppable (1)", "action_flag": 1, "change_message": "[{\"added\": {}}]"}}, {"model": "admin.logentry", "pk": 7, "fields": {"action_time": "2023-04-14T12:51:40.094Z", "user": 1, "content_type": 16, "object_id": "3", "object_repr": "Faith (3)", "action_flag": 2, "change_message": "[{\"changed\": {\"fields\": [\"Length\", \"Create date\", \"Play count\"]}}]"}}, {"model": "admin.logentry", "pk": 8, "fields": {"action_time": "2023-04-14T12:53:50.899Z", "user": 1, "content_type": 16, "object_id": "4", "object_repr": "Natural (4)", "action_flag": 1, "change_message": "[{\"added\": {}}]"}}, {"model": "admin.logentry", "pk": 9, "fields": {"action_time": "2023-04-14T12:56:31.086Z", "user": 1, "content_type": 16, "object_id": "5", "object_repr": "Sirens (5)", "action_flag": 1, "change_message": "[{\"added\": {}}]"}}, {"model": "admin.logentry", "pk": 10, "fields": {"action_time": "2023-04-14T12:57:29.903Z", "user": 1, "content_type": 16, "object_id": "2", "object_repr": "Summer (2)", "action_flag": 2, "change_message": "[{\"changed\": {\"fields\": [\"Length\"]}}]"}}, {"model": "admin.logentry", "pk": 11, "fields": {"action_time": "2023-04-14T13:06:48.941Z", "user": 1, "content_type": 16, "object_id": "6", "object_repr": "Shallow (6)", "action_flag": 1, "change_message": "[{\"added\": {}}]"}}, {"model": "admin.logentry", "pk": 12, "fields": {"action_time": "2023-04-14T15:00:00.150Z", "user": 1, "content_type": 16, "object_id": "7", "object_repr": "Perfect (7)", "action_flag": 1, "change_message": "[{\"added\": {}}]"}}, {"model": "auth.permission", "pk": 1, "fields": {"name": "Can add log entry", "content_type": 1, "codename": "add_logentry"}}, {"model": "auth.permission", "pk": 2, "fields": {"name": "Can change log entry", "content_type": 1, "codename": "change_logentry"}}, {"model": "auth.permission", "pk": 3, "fields": {"name": "Can delete log entry", "content_type": 1, "codename": "delete_logentry"}}, {"model": "auth.permission", "pk": 4, "fields": {"name": "Can view log entry", "content_type": 1, "codename": "view_logentry"}}, {"model": "auth.permission", "pk": 5, "fields": {"name": "Can add permission", "content_type": 2, "codename": "add_permission"}}, {"model": "auth.permission", "pk": 6, "fields": {"name": "Can change permission", "content_type": 2, "codename": "change_permission"}}, {"model": "auth.permission", "pk": 7, "fields": {"name": "Can delete permission", "content_type": 2, "codename": "delete_permission"}}, {"model": "auth.permission", "pk": 8, "fields": {"name": "Can view permission", "content_type": 2, "codename": "view_permission"}}, {"model": "auth.permission", "pk": 9, "fields": {"name": "Can add group", "content_type": 3, "codename": "add_group"}}, {"model": "auth.permission", "pk": 10, "fields": {"name": "Can change group", "content_type": 3, "codename": "change_group"}}, {"model": "auth.permission", "pk": 11, "fields": {"name": "Can delete group", "content_type": 3, "codename": "delete_group"}}, {"model": "auth.permission", "pk": 12, "fields": {"name": "Can view group", "content_type": 3, "codename": "view_group"}}, {"model": "auth.permission", "pk": 13, "fields": {"name": "Can add content type", "content_type": 4, "codename": "add_contenttype"}}, {"model": "auth.permission", "pk": 14, "fields": {"name": "Can change content type", "content_type": 4, "codename": "change_contenttype"}}, {"model": "auth.permission", "pk": 15, "fields": {"name": "Can delete content type", "content_type": 4, "codename": "delete_contenttype"}}, {"model": "auth.permission", "pk": 16, "fields": {"name": "Can view content type", "content_type": 4, "codename": "view_contenttype"}}, {"model": "auth.permission", "pk": 17, "fields": {"name": "Can add session", "content_type": 5, "codename": "add_session"}}, {"model": "auth.permission", "pk": 18, "fields": {"name": "Can change session", "content_type": 5, "codename": "change_session"}}, {"model": "auth.permission", "pk": 19, "fields": {"name": "Can delete session", "content_type": 5, "codename": "delete_session"}}, {"model": "auth.permission", "pk": 20, "fields": {"name": "Can view session", "content_type": 5, "codename": "view_session"}}, {"model": "auth.permission", "pk": 21, "fields": {"name": "Can add crontab", "content_type": 6, "codename": "add_crontabschedule"}}, {"model": "auth.permission", "pk": 22, "fields": {"name": "Can change crontab", "content_type": 6, "codename": "change_crontabschedule"}}, {"model": "auth.permission", "pk": 23, "fields": {"name": "Can delete crontab", "content_type": 6, "codename": "delete_crontabschedule"}}, {"model": "auth.permission", "pk": 24, "fields": {"name": "Can view crontab", "content_type": 6, "codename": "view_crontabschedule"}}, {"model": "auth.permission", "pk": 25, "fields": {"name": "Can add interval", "content_type": 7, "codename": "add_intervalschedule"}}, {"model": "auth.permission", "pk": 26, "fields": {"name": "Can change interval", "content_type": 7, "codename": "change_intervalschedule"}}, {"model": "auth.permission", "pk": 27, "fields": {"name": "Can delete interval", "content_type": 7, "codename": "delete_intervalschedule"}}, {"model": "auth.permission", "pk": 28, "fields": {"name": "Can view interval", "content_type": 7, "codename": "view_intervalschedule"}}, {"model": "auth.permission", "pk": 29, "fields": {"name": "Can add periodic task", "content_type": 8, "codename": "add_periodictask"}}, {"model": "auth.permission", "pk": 30, "fields": {"name": "Can change periodic task", "content_type": 8, "codename": "change_periodictask"}}, {"model": "auth.permission", "pk": 31, "fields": {"name": "Can delete periodic task", "content_type": 8, "codename": "delete_periodictask"}}, {"model": "auth.permission", "pk": 32, "fields": {"name": "Can view periodic task", "content_type": 8, "codename": "view_periodictask"}}, {"model": "auth.permission", "pk": 33, "fields": {"name": "Can add periodic tasks", "content_type": 9, "codename": "add_periodictasks"}}, {"model": "auth.permission", "pk": 34, "fields": {"name": "Can change periodic tasks", "content_type": 9, "codename": "change_periodictasks"}}, {"model": "auth.permission", "pk": 35, "fields": {"name": "Can delete periodic tasks", "content_type": 9, "codename": "delete_periodictasks"}}, {"model": "auth.permission", "pk": 36, "fields": {"name": "Can view periodic tasks", "content_type": 9, "codename": "view_periodictasks"}}, {"model": "auth.permission", "pk": 37, "fields": {"name": "Can add solar event", "content_type": 10, "codename": "add_solarschedule"}}, {"model": "auth.permission", "pk": 38, "fields": {"name": "Can change solar event", "content_type": 10, "codename": "change_solarschedule"}}, {"model": "auth.permission", "pk": 39, "fields": {"name": "Can delete solar event", "content_type": 10, "codename": "delete_solarschedule"}}, {"model": "auth.permission", "pk": 40, "fields": {"name": "Can view solar event", "content_type": 10, "codename": "view_solarschedule"}}, {"model": "auth.permission", "pk": 41, "fields": {"name": "Can add clocked", "content_type": 11, "codename": "add_clockedschedule"}}, {"model": "auth.permission", "pk": 42, "fields": {"name": "Can change clocked", "content_type": 11, "codename": "change_clockedschedule"}}, {"model": "auth.permission", "pk": 43, "fields": {"name": "Can delete clocked", "content_type": 11, "codename": "delete_clockedschedule"}}, {"model": "auth.permission", "pk": 44, "fields": {"name": "Can view clocked", "content_type": 11, "codename": "view_clockedschedule"}}, {"model": "auth.permission", "pk": 45, "fields": {"name": "Can add user", "content_type": 12, "codename": "add_customer"}}, {"model": "auth.permission", "pk": 46, "fields": {"name": "Can change user", "content_type": 12, "codename": "change_customer"}}, {"model": "auth.permission", "pk": 47, "fields": {"name": "Can delete user", "content_type": 12, "codename": "delete_customer"}}, {"model": "auth.permission", "pk": 48, "fields": {"name": "Can view user", "content_type": 12, "codename": "view_customer"}}, {"model": "auth.permission", "pk": 49, "fields": {"name": "Can add user profile", "content_type": 13, "codename": "add_userprofile"}}, {"model": "auth.permission", "pk": 50, "fields": {"name": "Can change user profile", "content_type": 13, "codename": "change_userprofile"}}, {"model": "auth.permission", "pk": 51, "fields": {"name": "Can delete user profile", "content_type": 13, "codename": "delete_userprofile"}}, {"model": "auth.permission", "pk": 52, "fields": {"name": "Can view user profile", "content_type": 13, "codename": "view_userprofile"}}, {"model": "auth.permission", "pk": 53, "fields": {"name": "Can add album", "content_type": 14, "codename": "add_album"}}, {"model": "auth.permission", "pk": 54, "fields": {"name": "Can change album", "content_type": 14, "codename": "change_album"}}, {"model": "auth.permission", "pk": 55, "fields": {"name": "Can delete album", "content_type": 14, "codename": "delete_album"}}, {"model": "auth.permission", "pk": 56, "fields": {"name": "Can view album", "content_type": 14, "codename": "view_album"}}, {"model": "auth.permission", "pk": 57, "fields": {"name": "Can add genre", "content_type": 15, "codename": "add_genre"}}, {"model": "auth.permission", "pk": 58, "fields": {"name": "Can change genre", "content_type": 15, "codename": "change_genre"}}, {"model": "auth.permission", "pk": 59, "fields": {"name": "Can delete genre", "content_type": 15, "codename": "delete_genre"}}, {"model": "auth.permission", "pk": 60, "fields": {"name": "Can view genre", "content_type": 15, "codename": "view_genre"}}, {"model": "auth.permission", "pk": 61, "fields": {"name": "Can add track", "content_type": 16, "codename": "add_track"}}, {"model": "auth.permission", "pk": 62, "fields": {"name": "Can change track", "content_type": 16, "codename": "change_track"}}, {"model": "auth.permission", "pk": 63, "fields": {"name": "Can delete track", "content_type": 16, "codename": "delete_track"}}, {"model": "auth.permission", "pk": 64, "fields": {"name": "Can view track", "content_type": 16, "codename": "view_track"}}, {"model": "auth.permission", "pk": 65, "fields": {"name": "Can add playlist", "content_type": 17, "codename": "add_playlist"}}, {"model": "auth.permission", "pk": 66, "fields": {"name": "Can change playlist", "content_type": 17, "codename": "change_playlist"}}, {"model": "auth.permission", "pk": 67, "fields": {"name": "Can delete playlist", "content_type": 17, "codename": "delete_playlist"}}, {"model": "auth.permission", "pk": 68, "fields": {"name": "Can view playlist", "content_type": 17, "codename": "view_playlist"}}, {"model": "auth.permission", "pk": 69, "fields": {"name": "Can add artist", "content_type": 18, "codename": "add_artist"}}, {"model": "auth.permission", "pk": 70, "fields": {"name": "Can change artist", "content_type": 18, "codename": "change_artist"}}, {"model": "auth.permission", "pk": 71, "fields": {"name": "Can delete artist", "content_type": 18, "codename": "delete_artist"}}, {"model": "auth.permission", "pk": 72, "fields": {"name": "Can view artist", "content_type": 18, "codename": "view_artist"}}, {"model": "auth.permission", "pk": 73, "fields": {"name": "Can add favorite track", "content_type": 19, "codename": "add_favoritetrack"}}, {"model": "auth.permission", "pk": 74, "fields": {"name": "Can change favorite track", "content_type": 19, "codename": "change_favoritetrack"}}, {"model": "auth.permission", "pk": 75, "fields": {"name": "Can delete favorite track", "content_type": 19, "codename": "delete_favoritetrack"}}, {"model": "auth.permission", "pk": 76, "fields": {"name": "Can view favorite track", "content_type": 19, "codename": "view_favoritetrack"}}, {"model": "contenttypes.contenttype", "pk": 1, "fields": {"app_label": "admin", "model": "logentry"}}, {"model": "contenttypes.contenttype", "pk": 2, "fields": {"app_label": "auth", "model": "permission"}}, {"model": "contenttypes.contenttype", "pk": 3, "fields": {"app_label": "auth", "model": "group"}}, {"model": "contenttypes.contenttype", "pk": 4, "fields": {"app_label": "contenttypes", "model": "contenttype"}}, {"model": "contenttypes.contenttype", "pk": 5, "fields": {"app_label": "sessions", "model": "session"}}, {"model": "contenttypes.contenttype", "pk": 6, "fields": {"app_label": "django_celery_beat", "model": "crontabschedule"}}, {"model": "contenttypes.contenttype", "pk": 7, "fields": {"app_label": "django_celery_beat", "model": "intervalschedule"}}, {"model": "contenttypes.contenttype", "pk": 8, "fields": {"app_label": "django_celery_beat", "model": "periodictask"}}, {"model": "contenttypes.contenttype", "pk": 9, "fields": {"app_label": "django_celery_beat", "model": "periodictasks"}}, {"model": "contenttypes.contenttype", "pk": 10, "fields": {"app_label": "django_celery_beat", "model": "solarschedule"}}, {"model": "contenttypes.contenttype", "pk": 11, "fields": {"app_label": "django_celery_beat", "model": "clockedschedule"}}, {"model": "contenttypes.contenttype", "pk": 12, "fields": {"app_label": "account", "model": "customer"}}, {"model": "contenttypes.contenttype", "pk": 13, "fields": {"app_label": "account", "model": "userprofile"}}, {"model": "contenttypes.contenttype", "pk": 14, "fields": {"app_label": "music", "model": "album"}}, {"model": "contenttypes.contenttype", "pk": 15, "fields": {"app_label": "music", "model": "genre"}}, {"model": "contenttypes.contenttype", "pk": 16, "fields": {"app_label": "music", "model": "track"}}, {"model": "contenttypes.contenttype", "pk": 17, "fields": {"app_label": "music", "model": "playlist"}}, {"model": "contenttypes.contenttype", "pk": 18, "fields": {"app_label": "music", "model": "artist"}}, {"model": "contenttypes.contenttype", "pk": 19, "fields": {"app_label": "music", "model": "favoritetrack"}}, {"model": "sessions.session", "pk": "l959hbetfov6rox5wwzr5twm6mxe1nq5", "fields": {"session_data": ".eJxVjDsOwjAQBe_iGlnejX-hpM8ZrPXaxgGUSHFSIe6OLKWA9s3Me4tAx17D0fIW5iSuAsTld4vEz7x0kB603FfJ67Jvc5RdkSdtclpTft1O9--gUqu91kMyLo2eLGseLDEq0mNBCzxotIYRSKPyULwbPQJwLJiUUwbAmCg-X81CNsw:1pnBa9:4hNeQn26P9AyHHsaIsiYjIeKXqtSOEg8q1cUlj0oqsU", "expire_date": "2023-04-28T05:02:45.445Z"}}, {"model": "account.customer", "pk": 1, "fields": {"password": "pbkdf2_sha256$390000$zxvXBtSvXN1YUlKpTxEZnL$S4d434UX0ORpjeZKVpUZwRRoo+4UP2p874FiggxmDsM=", "last_login": "2023-04-14T05:02:45Z", "is_superuser": true, "first_name": "Olga", "last_name": "", "email": "admin19@admin.com", "phone_number": null, "is_staff": true, "is_active": true, "date_joined": "2023-04-14T05:02:29Z", "birth_date": null, "avatar": "avatars/photo_avatar_mmlGa49.jpg", "city": "Odesa", "groups": [], "user_permissions": []}}, {"model": "account.userprofile", "pk": 1, "fields": {"user": 1, "gender": "Female", "user_type": "Musician", "bio": "", "favourite_genres": "Rock", "website": null, "postcode": "65016"}}, {"model": "music.track", "pk": 1, "fields": {"create_datetime": "2023-04-14T09:13:34.500Z", "last_update": "2023-04-14T09:13:34.500Z", "title": "Unstoppable", "length": 202, "artist": 2, "create_date": "2022-07-18", "track_file": "tracks/Sia_Unstoppable_1W9x9aC.mp3", "album": 1, "play_count": 7}}, {"model": "music.track", "pk": 2, "fields": {"create_datetime": "2023-04-14T09:18:36.643Z", "last_update": "2023-04-14T12:57:29.903Z", "title": "Summer", "length": 250, "artist": 3, "create_date": null, "track_file": "tracks/ImagineDragons_Summer_Ag1elV6.mp3", "album": 3, "play_count": 0}}, {"model": "music.track", "pk": 3, "fields": {"create_datetime": "2023-04-14T12:47:45.962Z", "last_update": "2023-04-14T12:51:40.093Z", "title": "Faith", "length": 150, "artist": 10, "create_date": "2016-11-04", "track_file": "tracks/StevieWonder_Faith.mp3", "album": 14, "play_count": 4}}, {"model": "music.track", "pk": 4, "fields": {"create_datetime": "2023-04-14T12:53:50.887Z", "last_update": "2023-04-14T12:53:50.887Z", "title": "Natural", "length": 183, "artist": 3, "create_date": "2018-07-18", "track_file": "tracks/ImagineDragons_Natural.mp3", "album": 4, "play_count": 4}}, {"model": "music.track", "pk": 5, "fields": {"create_datetime": "2023-04-14T12:56:31.075Z", "last_update": "2023-04-14T12:56:31.075Z", "title": "Sirens", "length": null, "artist": 3, "create_date": "2022-07-01", "track_file": "tracks/ImagineDragons_Sirens.mp3", "album": 3, "play_count": 1}}, {"model": "music.track", "pk": 6, "fields": {"create_datetime": "2023-04-14T13:06:48.930Z", "last_update": "2023-04-14T13:06:48.930Z", "title": "Shallow", "length": null, "artist": 4, "create_date": "2018-10-05", "track_file": "tracks/LadyGaga_Shallow.mp3", "album": 7, "play_count": 5}}, {"model": "music.track", "pk": 7, "fields": {"create_datetime": "2023-04-14T15:00:00.141Z", "last_update": "2023-04-14T15:00:00.141Z", "title": "Perfect", "length": 243, "artist": 1, "create_date": null, "track_file": "tracks/EdSheeran_Perfect.mp3", "album": 10, "play_count": 4}}, {"model": "music.playlist", "pk": 1, "fields": {"create_datetime": "2023-04-14T12:50:20.050Z", "last_update": "2023-04-14T12:50:20.050Z", "title": "Playlist 1", "user": 1, "tracks": [3, 2]}}, {"model": "music.album", "pk": 1, "fields": {"create_datetime": "2023-04-14T08:27:51.625Z", "last_update": "2023-04-14T08:27:51.625Z", "title": "This Is Acting", "description": "This Is Acting is the seventh studio album by Australian singer and songwriter Sia. It was released on 29 January 2016 by Inertia, Monkey Puzzle and RCA Records. The album is mostly composed of songs written by Sia for other pop artists that were not included on their albums. Sia described songwriting for others as \"play-acting,\" hence the title This Is Acting.", "genre": 2, "image": "covers/album_image_OdsqlVl.jpg"}}, {"model": "music.album", "pk": 2, "fields": {"create_datetime": "2023-04-14T08:49:22.293Z", "last_update": "2023-04-14T08:49:22.293Z", "title": "Night Visions", "description": "Night Visions is the debut studio album by American pop rock band Imagine Dragons. It was released on September 4, 2012, through Kidinakorner and Interscope Records. The album was primarily produced by the band themselves, as well as English hip-hop producer Alex da Kid and Brandon Darner from the American indie rock group The Envy Corps. According to frontman Dan Reynolds, the album took three years to finish, with six of the album's tracks being previously released on multiple EPs. Musically, Night Visions exhibits influences of folk, hip hop and pop.", "genre": 1, "image": "covers/album_image2.jpg"}}, {"model": "music.album", "pk": 3, "fields": {"create_datetime": "2023-04-14T08:52:22.632Z", "last_update": "2023-04-14T08:52:22.632Z", "title": "Mercury – Acts 1 & 2", "description": "Mercury – Acts 1 & 2 is the sixth studio album by American pop rock band Imagine Dragons, released through Kidinakorner and Interscope Records. It is a double album consisting of 32 tracks, with the first half, Mercury – Act 1, released on September 3, 2021, and Mercury – Act 2, the second half, released on July 1, 2022, as part of Mercury – Acts 1 & 2. The album was executive produced by Rick Rubin.", "genre": 1, "image": ""}}, {"model": "music.album", "pk": 4, "fields": {"create_datetime": "2023-04-14T08:54:55.484Z", "last_update": "2023-04-14T08:54:55.484Z", "title": "Origins", "description": "Origins is the fourth studio album by the American pop rock band Imagine Dragons, released on November 9, 2018 by Kidinakorner, Polydor Records and Interscope Records.\r\nThe album was produced by the band members themselves, frequent collaborator Alex da Kid, Mattman & Robin, John Hill, Joel Little, Tim Randolph, and Jayson DeZuzio, who produced a majority of the band's previous effort, Evolve (2017), as well as Jorgen Odegard. Frontman Dan Reynolds described Origins as a \"sister album\" to Evolve, and that it would complete a cycle of their music.\r\nOrigins received generally mixed reviews from critics, but many claimed that the album is an improvement from Evolve. The album was preceded by four singles: \"Natural\", \"Zero\", \"Machine\" and \"Bad Liar\". An additional single, \"Birds\", was released in 2019.", "genre": 1, "image": ""}}, {"model": "music.album", "pk": 5, "fields": {"create_datetime": "2023-04-14T08:58:00.713Z", "last_update": "2023-04-14T08:58:00.713Z", "title": "Smoke + Mirrors", "description": "Smoke + Mirrors is the second studio album by American pop rock band Imagine Dragons. The album was recorded during 2014 at the band's home studio in Las Vegas, Nevada. Self-produced by members of the band along with English hip-hop producer Alexander Grant, known by his moniker Alex da Kid, the album was released by Interscope Records and Grant's Kidinakorner label on February 17, 2015, in the United States.", "genre": 1, "image": ""}}, {"model": "music.album", "pk": 6, "fields": {"create_datetime": "2023-04-14T08:59:01.458Z", "last_update": "2023-04-14T08:59:01.458Z", "title": "Joanne", "description": "Joanne is the fifth studio album by American singer Lady Gaga. It was released on October 21, 2016, by Streamline and Interscope Records. Gaga, Mark Ronson and BloodPop handled its production aside variety other collaborators, such as Kevin Parker, Emile Haynie, Jeff Bhasker and Josh Homme. Musically, Joanne is a stripped-down, dance-pop, soft rock and Americana record with country elements, aimed to focus on Gaga's vocals. Lyrically, the album delves into the theme of family and life's emotions; the death of her aunt, Joanne Stefani Germanotta, deeply influenced the record. The singer's experience acting on the television series American Horror Story also influenced its creative process.", "genre": 2, "image": ""}}, {"model": "music.album", "pk": 7, "fields": {"create_datetime": "2023-04-14T09:00:04.191Z", "last_update": "2023-04-14T09:00:04.191Z", "title": "A Star Is Born", "description": "A Star Is Born is the soundtrack album to the 2018 musical film of the same name, performed by its stars Lady Gaga and Bradley Cooper. It was released on October 5, 2018, by Interscope Records. Cooper teamed up with Gaga's recurring collaborator DJ White Shadow, and an assortment of country musicians, including Lukas Nelson, who also stars in the film as a member of Cooper's band. The soundtrack also includes contributions from Jason Isbell, Mark Ronson, Diane Warren, and Andrew Wyatt of Miike Snow.", "genre": 2, "image": ""}}, {"model": "music.album", "pk": 8, "fields": {"create_datetime": "2023-04-14T09:01:45.974Z", "last_update": "2023-04-14T09:01:45.974Z", "title": "Multiply", "description": "× (\"Multiply\") is the second studio album by English singer-songwriter, Ed Sheeran. It was released on 20 June 2014 in Australia and New Zealand, and worldwide on 23 June through Asylum Records and Atlantic Records. The album received positive reviews from music critics. It was an international commercial success, peaking at No. 1 in 15 countries, while topping both the UK Albums Chart and the US Billboard 200. x also reached the top five in seven other countries and was the best selling album of 2014 in Australia, New Zealand, Ireland, and the United Kingdom. Five singles were released from the album: \"Sing\", \"Don't\", \"Thinking Out Loud\", \"Bloodstream\" (a collaboration with Rudimental), and \"Photograph\".", "genre": 2, "image": ""}}, {"model": "music.album", "pk": 9, "fields": {"create_datetime": "2023-04-14T09:02:53.468Z", "last_update": "2023-04-14T09:02:53.468Z", "title": "No.6 Collaborations Project", "description": "No.6 Collaborations Project is a compilation album by English singer-songwriter Ed Sheeran. It was released on 12 July 2019 through Asylum and Atlantic Records. The album compiles tracks which include collaborations from Khalid, Camila Cabello, Cardi B, Chance the Rapper, PnB Rock, Stormzy, Yebba, Justin Bieber, Travis Scott, Eminem, 50 Cent, Young Thug, J Hus, Ella Mai, Paulo Londra, Dave, H.E.R., Meek Mill, A Boogie wit da Hoodie, Skrillex, Chris Stapleton, and Bruno Mars. It is a sequel to Sheeran's 2011 compilation extended play, No. 5 Collaborations Project.", "genre": 2, "image": ""}}, {"model": "music.album", "pk": 10, "fields": {"create_datetime": "2023-04-14T09:03:57.155Z", "last_update": "2023-04-14T09:03:57.155Z", "title": "Divide", "description": "÷ (\"Divide\") is the third studio album by English singer-songwriter Ed Sheeran. It was released on 3 March 2017 through Asylum Records and Atlantic Records. \"Castle on the Hill\" and \"Shape of You\" were released as the album's lead singles on 6 January 2017. The album won the Grammy Award for Best Pop Vocal Album at the 60th Annual Grammy Awards. As of February 2023, the deluxe version of the album is the most-streamed album of all time on Spotify.", "genre": 2, "image": ""}}, {"model": "music.album", "pk": 11, "fields": {"create_datetime": "2023-04-14T09:05:46.518Z", "last_update": "2023-04-14T09:05:46.518Z", "title": "1989", "description": "1989 is the fifth studio album by American singer-songwriter Taylor Swift. It was released on October 27, 2014, by Big Machine Records. After music critics questioned her status as a country musician following her pop and electronic-influenced fourth studio album Red (2012), Swift was inspired by 1980s synth-pop to recalibrate her artistry from country to pop music. On 1989, titled after her birth year to signify her symbolic artistic rebirth, Swift enlisted Max Martin as co-executive producer.", "genre": 2, "image": ""}}, {"model": "music.album", "pk": 12, "fields": {"create_datetime": "2023-04-14T09:06:41.206Z", "last_update": "2023-04-14T09:06:41.206Z", "title": "Strangers in the Night", "description": "Strangers in the Night is a 1966 studio album by Frank Sinatra. It marked Sinatra's return to number one on the pop album charts in the mid-1960s, and consolidated the comeback he initiated in 1965. Combining pop hits with show tunes and standards, the album bridges classic jazz-oriented big band with contemporary pop. It became Sinatra's fifth and final album to reach number one on the US Pop Albums Chart. Additionally, the single \"Strangers in the Night\" reached number one on the pop single charts, while \"Summer Wind\" has become one of Sinatra best-known songs, making numerous film and television appearances in the years since its release.", "genre": 4, "image": ""}}, {"model": "music.album", "pk": 13, "fields": {"create_datetime": "2023-04-14T09:21:10.755Z", "last_update": "2023-04-14T09:21:10.755Z", "title": "Mercury — Act 1", "description": "Mercury – Act 1 is the fifth studio album by American pop rock band Imagine Dragons, released on September 3, 2021, by Kidinakorner and Interscope Records in the United States. Imagine Dragons recorded the album in 2018 after the previous album Origins. The album was executive produced by Rick Rubin. The album's successor was released on July 1, 2022, titled Mercury – Acts 1 & 2, which Act 1 also appears on.", "genre": 1, "image": ""}}, {"model": "music.album", "pk": 14, "fields": {"create_datetime": "2023-04-14T09:23:07.287Z", "last_update": "2023-04-14T09:23:07.287Z", "title": "Sing: Original Motion Picture Soundtrack", "description": "Sing: Original Motion Picture Soundtrack is the soundtrack to the 2016 animated musical film Sing. The soundtrack includes classic songs performed by the film's main cast as well as the song \"Faith\", which was written specifically for the movie and performed by Stevie Wonder and Ariana Grande. The soundtrack was released by Republic Records on December 9, 2016, while the film was released on December 21, 2016.\r\nThe film's score was composed by Joby Talbot.", "genre": 9, "image": ""}}, {"model": "music.album", "pk": 15, "fields": {"create_datetime": "2023-04-14T09:25:24.101Z", "last_update": "2023-04-14T09:25:24.102Z", "title": "Phenomenon", "description": "The Phenomenon soundtrack is a compilation album by various artists released for Reprise Records, who contributed to the music score of the 1996 American romantic fantasy drama film Phenomenon, starring John Travolta. The soundtrack features performances by international music stars including Eric Clapton, Bryan Ferry and Peter Gabriel, and went on to be a high-selling soundtrack release. The single \"Change the World\", performed by Eric Clapton, which was released off the album became a global hit and helped to promote the soundtrack's sales figures. \"Everyday Is A Winding Road\", from Sheryl Crow's 1996 self-titled album, was featured in the film, but not on the soundtrack.", "genre": 1, "image": ""}}, {"model": "music.album", "pk": 16, "fields": {"create_datetime": "2023-04-14T09:26:44.212Z", "last_update": "2023-04-14T09:26:44.212Z", "title": "My Dear Melancholy", "description": "My Dear Melancholy (stylized as My Dear Melancholy,) is the debut extended play by Canadian singer the Weeknd. It was released on March 30, 2018, through XO and Republic Records. Primarily produced by Frank Dukes, who serves as an executive producer alongside the Weeknd, it features contributions from Gesaffelstein, as well as Mike Will Made It, DaHeala, Skrillex and Daft Punk's Guy-Manuel de Homem-Christo, among others.\r\nMy Dear Melancholy is described as a return to the darker style of the Weeknd's earlier work, evident in Trilogy (2012) and Kiss Land (2013). The extended play was supported by the single, \"Call Out My Name\", which peaked at number four on the US Billboard Hot 100. It received generally favourable reviews and debuted at number one on the US Billboard 200.", "genre": 9, "image": ""}}, {"model": "music.album", "pk": 17, "fields": {"create_datetime": "2023-04-14T09:28:03.493Z", "last_update": "2023-04-14T09:28:03.493Z", "title": "After Hours", "description": "After Hours is the fourth studio album by Canadian singer the Weeknd, released on March 20, 2020, by XO and Republic Records. Primarily produced by the Weeknd, it features a variety of producers, including DaHeala, Illangelo, Max Martin, Metro Boomin, and OPN, most of whom the Weeknd had worked with previously. The standard edition of the album has no features, but the remixes edition contains guest appearances from Chromatics and Lil Uzi Vert. Thematically, After Hours explores loneliness, self-loathing, and escapism.", "genre": 9, "image": ""}}, {"model": "music.artist", "pk": 1, "fields": {"create_datetime": "2023-04-14T07:57:26.644Z", "last_update": "2023-04-14T07:57:26.644Z", "name": "Ed Sheeran", "biography": "Edward Christopher Sheeran MBE (/ˈʃɪərən/; born 17 February 1991) is an English singer-songwriter. Born in Halifax, West Yorkshire, and raised in Framlingham, Suffolk, he began writing songs around the age of eleven. In early 2011, Sheeran independently released the extended play No. 5 Collaborations Project. He signed with Asylum Records the same year."}}, {"model": "music.artist", "pk": 2, "fields": {"create_datetime": "2023-04-14T07:58:28.211Z", "last_update": "2023-04-14T07:58:28.211Z", "name": "Sia", "biography": "Sia Kate Isobelle Furler (/ˈsiːə/ SEE-ə; born 18 December 1975) is an Australian singer and songwriter. Born and raised in Adelaide, she started her career as a singer in the acid jazz band Crisp in the mid-1990s. When Crisp disbanded in 1997, she released her debut studio album, OnlySee, in Australia. She moved to London and provided vocals for the British duo Zero 7. Sia released her second studio album, Healing Is Difficult, in 2001, and her third, Colour the Small One, in 2004."}}, {"model": "music.artist", "pk": 3, "fields": {"create_datetime": "2023-04-14T07:59:46.398Z", "last_update": "2023-04-14T07:59:46.398Z", "name": "Imagine Dragons", "biography": "Imagine Dragons are an American pop rock band based in Las Vegas, Nevada, consisting of lead singer Dan Reynolds, guitarist Wayne Sermon, bassist Ben McKee and drummer Daniel Platzman. The band first gained exposure with the release of their single \"It's Time\", followed by their award-winning debut studio album Night Visions (2012), which resulted in the chart-topping singles \"Radioactive\" and \"Demons\". Rolling Stone named \"Radioactive\", which held the record for most weeks charted on the Billboard Hot 100, the \"biggest rock hit of the year\". MTV called them \"the year's biggest breakout band\", and Billboard named them their \"Breakthrough Band of 2013\" and \"Biggest Band of 2017\", and placed them at the top of their \"Year in Rock\" rankings for 2013, 2017, and 2018. Imagine Dragons topped the Billboard Year-End \"Top Artists – Duo/Group\" category in 2018."}}, {"model": "music.artist", "pk": 4, "fields": {"create_datetime": "2023-04-14T08:00:47.521Z", "last_update": "2023-04-14T08:00:47.521Z", "name": "Lady Gaga", "biography": "Stefani Joanne Angelina Germanotta (/ˈstɛfəni ˌdʒɜːrməˈnɒtə/ (listen) STEF-ən-ee JUR-mə-NOT-ə; born March 28, 1986), known professionally as Lady Gaga, is an American singer, songwriter and actress. She is known for her image reinventions and musical versatility. Gaga began performing as a teenager, singing at open mic nights and acting in school plays. She studied at Collaborative Arts Project 21, through the New York University Tisch School of the Arts, before dropping out to pursue a career in music. After Def Jam Recordings canceled her contract, she worked as a songwriter for Sony/ATV Music Publishing, where she signed a joint deal with Interscope Records and KonLive Distribution, in 2007. Gaga had her breakthrough the following year with her debut studio album, The Fame, and its chart-topping singles \"Just Dance\" and \"Poker Face\". The album was later reissued to include the extended play The Fame Monster (2009), which yielded the successful singles \"Bad Romance\", \"Telephone\", and \"Alejandro\"."}}, {"model": "music.artist", "pk": 5, "fields": {"create_datetime": "2023-04-14T08:01:50.059Z", "last_update": "2023-04-14T08:01:50.059Z", "name": "The Weeknd", "biography": "Abel Makkonen Tesfaye (Amharic: አበል መኮነን ተስፋዬ; born February 16, 1990), known professionally as the Weeknd, is a Canadian singer and songwriter. A prominent figure in contemporary popular music, he is noted for his unconventional music production, artistic reinventions, and his signature use of the falsetto register. His accolades include four Grammy Awards, twenty Billboard Music Awards, twenty-two Juno Awards, six American Music Awards, two MTV Video Music Awards, a Latin Grammy Award, and nominations for an Academy Award and a Primetime Emmy Award."}}, {"model": "music.artist", "pk": 6, "fields": {"create_datetime": "2023-04-14T08:02:42.645Z", "last_update": "2023-04-14T08:02:42.645Z", "name": "Taylor Swift", "biography": "Taylor Alison Swift (born December 13, 1989) is an American singer-songwriter. Her genre-spanning discography, songwriting, and artistic reinventions have received critical praise and wide media coverage. Born in West Reading, Pennsylvania, Swift moved to Nashville at age 14 to become a country artist. She signed a songwriting deal with Sony/ATV Music Publishing in 2004 and a recording contract with Big Machine Records in 2005. Her 2006 self-titled debut album made her the first female country artist to write a U.S. platinum-certified album."}}, {"model": "music.artist", "pk": 7, "fields": {"create_datetime": "2023-04-14T08:03:40.604Z", "last_update": "2023-04-14T08:03:40.604Z", "name": "OneRepublic", "biography": "OneRepublic is an American pop rock band formed in Colorado Springs, Colorado, in 2002. The lineup currently consists of Ryan Tedder (lead vocals, piano), Zach Filkins (lead guitar, viola), Drew Brown (rhythm guitar), Brent Kutzle (bass, cello), Eddie Fisher (drums), and Brian Willett (keyboards, violin).\r\nThe band achieved its first commercial success on Myspace as an unsigned act. In late 2002, after OneRepublic played shows throughout the Los Angeles area, several record labels approached the band with interest, but the band signed with Velvet Hammer, an imprint of Columbia Records. They made their first album with producer Greg Wells during the summer and fall of 2005 at his studio, Rocket Carousel, in Culver City, California. The album was scheduled for release on June 6, 2006, but the group was dropped by Columbia two months before the album was released. The lead single of that album, \"Apologize\", was released on April 30, 2006, on Myspace, eventually reaching number one on the Myspace charts."}}, {"model": "music.artist", "pk": 8, "fields": {"create_datetime": "2023-04-14T08:05:35.333Z", "last_update": "2023-04-14T08:05:35.334Z", "name": "Frank Sinatra", "biography": "Francis Albert Sinatra (/sɪˈnɑːtrə/; December 12, 1915 – May 14, 1998) was an American singer and actor. Nicknamed the \"Chairman of the Board\" and later called \"Ol' Blue Eyes\", Sinatra was one of the most popular entertainers of the 1940s, 1950s, and 1960s. He is among the world's best-selling music artists with an estimated 150 million record sales.\r\nBorn to Italian immigrants in Hoboken, New Jersey, Sinatra was greatly influenced by the intimate, easy-listening vocal style of Bing Crosby and began his musical career in the swing era with bandleaders Harry James and Tommy Dorsey. He found success as a solo artist after signing with Columbia Records in 1943, becoming the idol of the \"bobby soxers\". Sinatra released his debut album, The Voice of Frank Sinatra, in 1946."}}, {"model": "music.artist", "pk": 9, "fields": {"create_datetime": "2023-04-14T08:08:34.741Z", "last_update": "2023-04-14T08:08:34.741Z", "name": "Eric Clapton", "biography": "Eric Patrick Clapton CBE (born 30 March 1945) is an English rock and blues guitarist, singer, and songwriter. He is regarded as one of the most successful and influential guitarists in rock music. Clapton ranked second in Rolling Stone's list of the \"100 Greatest Guitarists of All Time\" and fourth in Gibson's \"Top 50 Guitarists of All Time\". He was also named number five in Time magazine's list of \"The 10 Best Electric Guitar Players\" in 2009."}}, {"model": "music.artist", "pk": 10, "fields": {"create_datetime": "2023-04-14T08:24:04.905Z", "last_update": "2023-04-14T08:24:04.905Z", "name": "Stevie Wonder", "biography": "Stevland Hardaway Morris (né Judkins; May 13, 1950), known professionally as Stevie Wonder, is an American singer-songwriter, who is credited as a pioneer and influence by musicians across a range of genres that include rhythm and blues, pop, soul, gospel, funk, and jazz. A virtual one-man band, Wonder's use of synthesizers and other electronic musical instruments during the 1970s reshaped the conventions of R&B. He also helped drive such genres into the album era, crafting his LPs as cohesive and consistent, in addition to socially conscious statements with complex compositions. Blind since shortly after his birth, Wonder was a child prodigy who signed with Motown's Tamla label at the age of 11, where he was given the professional name Little Stevie Wonder."}}, {"model": "music.genre", "pk": 1, "fields": {"create_datetime": "2023-04-14T07:50:50.561Z", "last_update": "2023-04-14T07:50:50.561Z", "name": "Rock", "description": "Rock music is a broad genre of popular music that originated as Rock and Roll in the United States in the late 1940s and early 1950s, developing into a range of different styles in the mid-1960s and later, particularly in the United States and the United Kingdom."}}, {"model": "music.genre", "pk": 2, "fields": {"create_datetime": "2023-04-14T07:50:50.565Z", "last_update": "2023-04-14T07:50:50.565Z", "name": "Pop", "description": "Pop is a genre of popular music that originated in its modern form during the mid-1950s in the United States and the United Kingdom. The terms popular music and pop music are often used interchangeably, although the former describes all music that is popular and includes many disparate styles."}}, {"model": "music.genre", "pk": 3, "fields": {"create_datetime": "2023-04-14T07:50:50.567Z", "last_update": "2023-04-14T07:50:50.567Z", "name": "Hip Hop", "description": "Hip-hop and Rap music are mainly described as stylized rhythmic music with the fast rhyming singing style called rap. The two genres are closely related and originated from the Afro-American and Latin-American ghettos in the U.S.A. in the mid-’70s. The music has its own culture with breakdance, MCing, DJing, and graffiti. "}}, {"model": "music.genre", "pk": 4, "fields": {"create_datetime": "2023-04-14T07:50:50.569Z", "last_update": "2023-04-14T07:50:50.569Z", "name": "Jazz", "description": "Jazz is a music genre that originated in the African-American communities of New Orleans, Louisiana, United States, in the late 19th and early 20th centuries, with its roots in blues and ragtime."}}, {"model": "music.genre", "pk": 5, "fields": {"create_datetime": "2023-04-14T07:50:50.571Z", "last_update": "2023-04-14T07:50:50.571Z", "name": "Blues", "description": "A genre and musical form developed by African Americans in the United States around the end of the 19th century from African-American work songs and European-American folk music. The blues form, ubiquitous in jazz and rock and roll, is characterized by the call-and-response pattern, the blues scale and specific chord progressions, of which the twelve-bar blues is the most common. Blues shuffles or walking bass reinforce the trance-like rhythm and form a repetitive groove effect."}}, {"model": "music.genre", "pk": 6, "fields": {"create_datetime": "2023-04-14T07:50:50.573Z", "last_update": "2023-04-14T07:50:50.573Z", "name": "Country", "description": "Also known as country and western, country music has its roots in the south of the USA. Having evolved from a combination of different fold styles. Combining the influence of working-class immigrants it takes its cues from Irish and Celtic folk, traditional English ballads and cowboy songs. In the modern era, there are numerous sub-genres like country pop, country rock and neo-country."}}, {"model": "music.genre", "pk": 7, "fields": {"create_datetime": "2023-04-14T07:50:50.574Z", "last_update": "2023-04-14T07:50:50.575Z", "name": "Folk", "description": "A genre that evolved from traditional music during the 20th century folk revival. One meaning often given is that of old songs with no known composers; another is music that has been transmitted and evolved by a process of oral transmission or performed by custom over a long period of time."}}, {"model": "music.genre", "pk": 8, "fields": {"create_datetime": "2023-04-14T07:50:50.577Z", "last_update": "2023-04-14T07:50:50.577Z", "name": "Reggae", "description": "Reggae music originated from Jamaica during the late 1960s. Reggae is characterized by its distinctive vocals and lyrics, which talk about the Jamaican people’s lifestyles, struggles, and social aspects. The songs are generally activist songs trying to raise awareness on world peace, anti-racism, anti-capitalism, anti-colonialism as well as the Rastafari movement."}}, {"model": "music.genre", "pk": 9, "fields": {"create_datetime": "2023-04-14T07:50:50.579Z", "last_update": "2023-04-14T07:50:50.579Z", "name": "R&B", "description": "A genre of popular African-American music that originated in the 1940s as urbane, rocking, jazz based music with a heavy, insistent beat. Lyrics focus heavily on the themes of triumphs and failures in terms of relationships, freedom, economics, aspirations, and sex."}}, {"model": "music.genre", "pk": 10, "fields": {"create_datetime": "2023-04-14T07:50:50.581Z", "last_update": "2023-04-14T07:50:50.581Z", "name": "Soul", "description": "A popular music genre that combines elements of African-American gospel music, rhythm and blues and jazz."}}, {"model": "music.genre", "pk": 11, "fields": {"create_datetime": "2023-04-14T07:50:50.583Z", "last_update": "2023-04-14T07:50:50.583Z", "name": "Funk", "description": "Funk is a music genre that originated in African American communities in the mid-1960s when musicians created a rhythmic, danceable new form of music through a mixture of soul, jazz, and rhythm and blues (R&B)."}}, {"model": "music.favoritetrack", "pk": 1, "fields": {"create_datetime": "2023-04-14T12:48:09.480Z", "last_update": "2023-04-14T12:48:09.480Z", "user": 1, "track": 1}}, {"model": "music.favoritetrack", "pk": 2, "fields": {"create_datetime": "2023-04-14T12:48:33.352Z", "last_update": "2023-04-14T12:48:33.352Z", "user": 1, "track": 2}}, {"model": "music.favoritetrack", "pk": 3, "fields": {"create_datetime": "2023-04-14T12:48:36.136Z", "last_update": "2023-04-14T12:48:36.136Z", "user": 1, "track": 3}}, {"model": "music.favoritetrack", "pk": 4, "fields": {"create_datetime": "2023-04-14T15:01:49.309Z", "last_update": "2023-04-14T15:01:49.309Z", "user": 1, "track": 7}}, {"model": "music.favoritetrack", "pk": 5, "fields": {"create_datetime": "2023-04-14T15:02:05.876Z", "last_update": "2023-04-14T15:02:05.876Z", "user": 1, "track": 6}}, {"model": "music.favoritetrack", "pk": 6, "fields": {"create_datetime": "2023-04-14T15:02:08.800Z", "last_update": "2023-04-14T15:02:08.800Z", "user": 1, "track": 4}}]